ts,rate
1783814400000,0.000099
1783843200000,0.000045
1783872000000,0.000053
1783900800000,0.0001
1783929600000,0.000024
1783958400000,0.0001
1783987200000,0.000026
1784016000000,0.000018
1784044800000,0.0001
1784073600000,0.000079
1784102400000,0.00008
1784131200000,0.000036
1784160000000,0.0001
1784188800000,0.000068
1784217600000,0.0001
1784246400000,0.000079
1784275200000,0.0001
1784304000000,0.000054
1784332800000,0.000052
1784361600000,0.000045
1784390400000,0.0001
1784419200000,-0.000007
1784448000000,0.000031
1784476800000,0.000061
1784505600000,0.000065
1784534400000,-0.000009
1784563200000,0.00006
1784592000000,0.000079
1784620800000,0.000085
1784649600000,-0.000012
1784678400000,0.000042
1784707200000,0.000071
1784736000000,0.000083
1784764800000,-0.000023
1784793600000,-0.00002
1784822400000,0.00005
1784851200000,0.00003
1784880000000,0.0001
1784908800000,0.000026
1784937600000,-0.000012
1784966400000,0.00001
1784995200000,0.000003
1785024000000,0.000014
1785052800000,0.000007
1785081600000,-0.000027
1785110400000,0.000041
1785139200000,0.000096
1785168000000,0.000004
1785196800000,-0.000044
1785225600000,-0.00008
1785254400000,0.00001
1785283200000,-0.000012
1785312000000,0.000002
1785340800000,0.000019
1785369600000,0.00001
1785398400000,0.000024
1785427200000,0.000008
1785456000000,0.000028
1785484800000,0.000077
1785513600000,0.000095
1785542400000,0.000092
1785571200000,0.0001
1785600000000,0.000093
1785628800000,0.000063
1785657600000,0.000041
1785686400000,0.000026
1785715200000,0.00001
1785744000000,-0.000038
1785772800000,0.000015
1785801600000,0.000048
1785830400000,0.0001
1785859200000,0.000039
1785888000000,-0.000026
1785916800000,0.000035
1785945600000,0.000028
1785974400000,-0.000083
1786003200000,-0.000018
1786032000000,0.000025
1786060800000,0.0001
1786089600000,0.0001
1786118400000,0.000081
1786147200000,0.000052
1786176000000,0.0001
1786204800000,0.000058
1786233600000,0.000059
1786262400000,0.0001
1786291200000,0.0001
1786320000000,0.000025
1786348800000,0.0001
1786377600000,0.0001
1786406400000,0.0001
1786435200000,0.000061
1786464000000,-0.000039
1786492800000,0.00002
1786521600000,-0.000028
1786550400000,-0.000012
1786579200000,-0.000062
1786608000000,0.000006
1786636800000,-0.000039
1786665600000,0.000091
1786694400000,0.0001
1786723200000,0.000041
1786752000000,0.000062
1786780800000,0.0001
1786809600000,0.000045
1786838400000,0.000049
1786867200000,0.000087
1786896000000,0.000071
1786924800000,0.0001
1786953600000,0.000037
1786982400000,0.000003
1787011200000,0.00007
1787040000000,0.00009
1787068800000,0.000082
1787097600000,-0.000017
1787126400000,0.000013
1787155200000,-0.000011
1787184000000,0.0001
1787212800000,0.0001
1787241600000,0.0001
1787270400000,0.0001
1787299200000,0.0001
1787328000000,0.0001
1787356800000,0.0001
1787385600000,0.0001
1787414400000,0.0001
1787443200000,0.0001
1787472000000,0.0001
1787500800000,0.0001
1787529600000,0.0001
1787558400000,0.0001
1787587200000,0.0001
1787616000000,0.0001
1787644800000,0.0001
1787673600000,0.000029
1787702400000,-0.000019
1787731200000,0.000004
1787760000000,0.000055
1787788800000,0.0001
1787817600000,0.0001
1787846400000,0.000066
1787875200000,-0.000028
1787904000000,-0.000027
1787932800000,-0.000088
1787961600000,0.0001
1787990400000,0.0001
1788019200000,0.000083
1788048000000,0.000008
1788076800000,0.000042
1788105600000,0.000092
1788134400000,-0.000017
1788163200000,0.000038
1788192000000,0.000064
1788220800000,0.000078
1788249600000,0.000055
1788278400000,0.000004
1788307200000,0.000009
1788336000000,0.000045
1788364800000,0.000055
1788393600000,0.000031
1788422400000,0.000049
1788451200000,0.00008
1788480000000,0.0001
1788508800000,0.000066
1788537600000,0.000038
1788566400000,-0.000016
1788595200000,0.000046
1788624000000,0.000083
1788652800000,0.000095
1788681600000,0.0001
1788710400000,0.0001
1788739200000,0.0001
1788768000000,0.00007
1788796800000,0.000069
1788825600000,0.000065
1788854400000,0.000048
1788883200000,0.000033
1788912000000,0.000008
1788940800000,-0.000019
1788969600000,-0.00002
1788998400000,-0.000092
1789027200000,-0.000027
1789056000000,-0.000051
1789084800000,-0.000072
1789113600000,-0.000013
1789142400000,0.000016
1789171200000,0.000014
1789200000000,0.000045
1789228800000,0.000016
1789257600000,0.000013
1789286400000,0.000024
1789315200000,0.000062
1789344000000,0.000048
1789372800000,0.0001
1789401600000,0.0001
1789430400000,0.0001
1789459200000,0.000025
1789488000000,0.000006
1789516800000,-0.000058
1789545600000,-0.000017
1789574400000,-0.000071
1789603200000,-0.000022
1789632000000,-0.000059
1789660800000,-0.000041
1789689600000,0.000038
1789718400000,0.0001
1789747200000,0.0001
1789776000000,0.0001
1789804800000,0.0001
1789833600000,0.0001
1789862400000,0.0001
1789891200000,0.0001
1789920000000,0.0001
1789948800000,0.0001
1789977600000,0.0001
1790006400000,0.0001
1790035200000,0.0001
1790064000000,0.000024
1790092800000,-0.000031
1790121600000,-0.000015
1790150400000,-0.000009
1790179200000,-0.000039
1790208000000,-0.000009
1790236800000,-0.000027
1790265600000,-0.000003
1790294400000,-0.000135
1790323200000,0.000062
1790352000000,0.0001
1790380800000,0.000082
1790409600000,0.000001
1790438400000,0.0001
1790467200000,0.0001
1790496000000,0.0001
1790524800000,0.000037
1790553600000,-0.000008
1790582400000,0.0001
1790611200000,0.0001
1790640000000,0.0001
1790668800000,0.0001
1790697600000,0.000012
1790726400000,0.00001
1790755200000,0.000041
1790784000000,-0.000014
1790812800000,0.00001
1790841600000,0.00008
1790870400000,0.000096
1790899200000,0.000024
1790928000000,0.0001
1790956800000,0.000038
1790985600000,-0.000069
1791014400000,0.000042
1791043200000,-0.000004
1791072000000,-0.000076
1791100800000,0.000081
1791129600000,0.000031
1791158400000,-0.000021
1791187200000,-0.000072
1791216000000,-0.000038
1791244800000,0.000004
1791273600000,0.000024
1791302400000,0.000033
1791331200000,0.000044
1791360000000,0.000026
1791388800000,0.0001
1791417600000,0.000087
1791446400000,0.0001
1791475200000,0.0001
1791504000000,0.0001
1791532800000,0.0001
1791561600000,0.000071
