symbol,side,signal_ts,entry_bar_ts,exit_ts,entry,stop,tp,exit_raw,exit_fill,qty,notional,exit_reason,gross_pnl,fees,slippage,funding,net_pnl,r_gross,r_net,regime,adx,hold_hours
SOLUSDT,long,1728266400000,1728266400000,1728284400000,150.404,148.43,154.352,148.43,148.429,7.5,1128.03,SL,-14.804999999999922,0.8935364999999998,0.0075,0.0,-15.706036499999922,-0.9869999999999948,-1.0470690999999948,TREND,31.764894792065334,5.0
BTCUSDT,long,1728262800000,1728262800000,1728291600000,63641.7,63188.7,64547.7,63520.9,63520.8,0.033100000000000004,2106.54027,TIME,-3.998479999999856,1.682831142,0.0033100000000000004,-0.020012826142400002,-5.664608315857456,-0.2665653333333237,-0.3776405543904971,TREND,34.33128639899953,8.0
ETHUSDT,long,1728262800000,1728262800000,1728291600000,2487.76,2464.01,2535.26,2481.43,2481.4199999999996,0.63,1567.2888,TIME,-3.9879000000002405,1.2514345199999997,0.0063,0.14460091493399999,-5.39023543493424,-0.26586000000001603,-0.359349028995616,TREND,31.517550197470236,8.0
BTCUSDT,long,1728313200000,1728313200000,1728324000000,63971.5,63363.0,65188.5,63363.0,63362.9,0.0246,1573.6989,SL,-14.969100000000001,1.2499761839999999,0.0024600000000000004,0.0340748237256,-16.2556110077256,-0.99794,-1.08370740051504,TREND,30.516862494246876,3.0
BTCUSDT,long,1728669600000,1728669600000,1728698400000,62899.9,62289.1,64121.5,62716.1,62716.0,0.0245,1541.04755,TIME,-4.503100000000072,1.23013471,0.0024500000000000004,0.069794375,-5.805479085000071,-0.30020666666667145,-0.3870319390000047,TREND,34.56085124681632,8.0
SOLUSDT,long,1728669600000,1728669600000,1728698400000,145.818,144.008,149.438,145.838,145.837,8.200000000000001,1195.7076000000002,TIME,0.16399999999985088,0.9566595599999999,0.0082,-0.03875955631200002,-0.7621000036881489,0.010933333333323391,-0.05080666691254326,TREND,33.75216515277083,8.0
ETHUSDT,long,1728910800000,1728910800000,1728914400000,2554.28,2525.02,2612.8,2612.8,2612.79,0.51,1302.6828,TP,29.84519999999999,1.0600503,0.0051,0.0,28.780049699999992,1.9896799999999994,1.9186699799999996,TREND,31.676763166942145,1.0
BTCUSDT,long,1728918000000,1728918000000,1728946800000,65906.5,65178.8,67361.9,66449.5,66449.4,0.0206,1357.6739,TIME,11.1858,1.0928493639999999,0.00206,0.135675514,9.955215122,0.74572,0.6636810081333333,TREND,38.013422109280796,8.0
ETHUSDT,long,1728918000000,1728918000000,1728946800000,2621.86,2586.04,2693.5,2649.53,2649.52,0.41000000000000003,1074.9626,TIME,11.344700000000032,0.86677444,0.0041,0.10803787000000002,10.365787690000031,0.7563133333333354,0.6910525126666688,TREND,35.80461252750496,8.0
SOLUSDT,long,1728918000000,1728918000000,1728946800000,154.922,152.827,159.112,157.961,157.96,7.1000000000000005,1099.9462,TIME,21.576900000000112,0.89289884,0.0071,0.08157675583199998,20.59532440416811,1.4384600000000074,1.3730216269445408,TREND,36.340424302799754,8.0
BTCUSDT,long,1729000800000,1729000800000,1729000800000,67664.9,66913.1,69168.5,66913.1,66913.0,0.0199,1346.53151,SL_FILL_BAR,-14.960819999999769,1.0682475219999998,0.00199,0.0,-16.031057521999767,-0.9973879999999846,-1.0687371681333178,TREND,35.743712574397236,0.0
ETHUSDT,long,1729000800000,1729000800000,1729000800000,2670.63,2634.42,2743.05,2634.42,2634.41,0.41000000000000003,1094.9583000000002,SL_FILL_BAR,-14.846100000000016,0.8670565199999999,0.0041,0.0,-15.717256520000015,-0.9897400000000011,-1.0478171013333344,TREND,34.2348045359284,0.0
SOLUSDT,long,1729000800000,1729000800000,1729000800000,158.495,155.759,163.967,155.759,155.75799999999998,5.4,855.873,SL_FILL_BAR,-14.774400000000101,0.6758305199999999,0.0054,0.0,-15.455630520000101,-0.9849600000000067,-1.0303753680000067,TREND,33.86906794848424,0.0
BTCUSDT,long,1729080000000,1729080000000,1729108800000,67883.0,67070.8,69507.4,67700.3,67700.2,0.0184,1249.0472,TIME,-3.3616799999999465,0.997219648,0.00184,0.124632952,-4.485372599999946,-0.22411199999999643,-0.29902483999999635,TREND,32.53062099904073,8.0
ETHUSDT,long,1729465200000,1729465200000,1729494000000,2747.91,2722.83,2798.07,2728.24,2728.2299999999996,0.59,1621.2668999999999,TIME,-11.605300000000042,1.2900467999999996,0.0059,0.16210249999999998,-13.063349300000041,-0.7736866666666695,-0.8708899533333361,TREND,47.19747724885051,8.0
BTCUSDT,long,1730120400000,1730120400000,1730127600000,68891.6,68441.7,69791.4,68441.7,68441.59999999999,0.0333,2294.0902800000003,SL,-14.981670000000292,1.826281224,0.0033300000000000005,0.0,-16.81128122400029,-0.9987780000000195,-1.1207520816000194,TREND,37.46055246743417,2.0
BTCUSDT,long,1730145600000,1730145600000,1730167200000,69598.0,68994.7,70804.6,70804.6,70804.5,0.024800000000000003,1726.0304,TP,29.923680000000147,1.3987770400000001,0.0024800000000000004,0.17347054400000003,28.34895241600015,1.9949120000000098,1.8899301610666766,TREND,42.14884059819917,6.0
BTCUSDT,long,1730170800000,1730170800000,1730199600000,71192.2,70480.9,72614.8,71162.1,71162.0,0.021,1495.0362,TIME,-0.6320999999998167,1.1956484399999998,0.0021000000000000003,0.149121,-1.9789694399998166,-0.04213999999998778,-0.13193129599998776,TREND,52.965422741322634,8.0
ETHUSDT,long,1730170800000,1730170800000,1730199600000,2612.62,2576.63,2684.6,2631.28,2631.27,0.41000000000000003,1071.1742,TIME,7.650600000000128,0.86152726,0.0041,0.1071248,6.677847940000127,0.5100400000000085,0.44518986266667515,TREND,32.056826956774906,8.0
BTCUSDT,long,1730210400000,1730210400000,1730224800000,71797.9,71141.7,73110.3,73110.3,73110.2,0.0228,1636.9921199999999,TP,29.9227200000002,1.3275459599999997,0.0022800000000000003,0.165065616,28.427828424000204,1.9948480000000133,1.8951885616000135,TREND,64.49822561992582,4.0
ETHUSDT,long,1730221200000,1730221200000,1730228400000,2669.59,2637.58,2733.61,2637.58,2637.5699999999997,0.46,1228.0114,SL,-14.724600000000102,0.9735715999999999,0.0046,0.0,-15.702771600000101,-0.9816400000000068,-1.0468514400000068,TREND,51.447487533024955,2.0
BTCUSDT,long,1730228400000,1730228400000,1730232000000,73169.7,72430.0,74649.1,72430.0,72429.9,0.020200000000000003,1478.0279400000002,SL,-14.941939999999944,1.173455976,0.0020200000000000005,0.0,-16.117415975999947,-0.9961293333333295,-1.0744943983999964,TREND,69.42437216065602,1.0
ETHUSDT,long,1730300400000,1730300400000,1730300400000,2709.83,2673.55,2782.39,2673.55,2673.54,0.41000000000000003,1111.0303000000001,SL_FILL_BAR,-14.874799999999897,0.8798968999999999,0.0041,0.0,-15.758796899999897,-0.9916533333333265,-1.0505864599999932,TREND,35.071519017029075,0.0
SOLUSDT,long,1730998800000,1730998800000,1731027600000,194.005,190.043,201.929,198.888,198.887,3.7,717.8185,TIME,18.067100000000035,0.58509284,0.0037,0.07266874000000001,17.405638420000034,1.2044733333333357,1.160375894666669,TREND,34.00078670200446,8.0
BTCUSDT,long,1731002400000,1731002400000,1731031200000,76270.6,75360.4,78091.0,75992.2,75992.09999999999,0.0164,1250.8378400000001,TIME,-4.565760000000144,0.997929832,0.0016400000000000002,0.12440416800000001,-5.6897340000001435,-0.3043840000000096,-0.3793156000000096,TREND,31.336479480622174,8.0
BTCUSDT,long,1731092400000,1731092400000,1731121200000,76819.8,75992.4,78474.6,76416.6,76416.5,0.0181,1390.4383800000003,TIME,-7.297919999999948,1.107970866,0.0018100000000000002,0.138432782,-8.54613364799995,-0.4865279999999965,-0.5697422431999967,TREND,33.804723520830464,8.0
ETHUSDT,long,1731132000000,1731132000000,1731160800000,3040.72,2990.54,3141.08,3046.71,3046.7,0.29,881.8087999999999,TIME,1.7371000000000685,0.7064875599999998,0.0029,0.08789174999999999,0.9398206900000687,0.11580666666667123,0.06265471266667125,TREND,34.82489862509779,8.0
ETHUSDT,long,1731182400000,1731182400000,1731193200000,3071.28,3029.13,3155.58,3155.58,3155.5699999999997,0.35000000000000003,1074.948,TP,29.504999999999907,0.8776592999999999,0.0035000000000000005,0.0,28.623840699999906,1.9669999999999939,1.9082560466666605,TREND,34.02063870201266,3.0
BTCUSDT,long,1731214800000,1731214800000,1731243600000,79280.2,78469.0,80902.6,79704.3,79704.2,0.0184,1458.75568,TIME,7.803440000000107,1.171685504,0.00184,0.3714981371968,6.2584163588033075,0.5202293333333404,0.4172277572535538,TREND,32.152997802230956,8.0
ETHUSDT,long,1731214800000,1731214800000,1731243600000,3183.66,3136.36,3278.26,3198.0,3197.99,0.31,986.9345999999999,TIME,4.445400000000045,0.7922130599999999,0.0031,0.09878863,3.551298310000045,0.29636000000000295,0.23675322066666965,TREND,40.49720654525066,8.0
BTCUSDT,long,1731261600000,1731261600000,1731265200000,80425.7,79552.7,82171.7,79552.7,79552.59999999999,0.0171,1375.27947,SL,-14.9283,1.0912655699999998,0.0017100000000000001,0.0,-16.02127557,-0.99522,-1.068085038,TREND,50.97037408711034,1.0
SOLUSDT,long,1731927600000,1731927600000,1731934800000,247.578,241.368,259.998,241.368,241.367,2.4000000000000004,594.1872000000001,SL,-14.904000000000021,0.46640592000000003,0.0024000000000000002,0.0,-15.37280592000002,-0.9936000000000014,-1.0248537280000014,TREND,32.727335925459,2.0
BTCUSDT,long,1732190400000,1732190400000,1732197600000,98009.4,96845.7,100336.8,96845.7,96845.59999999999,0.0128,1254.52032,SL,-14.895359999999963,0.994678272,0.00128,0.0,-15.891318271999962,-0.9930239999999976,-1.059421218133331,TREND,32.83808758732133,2.0
ETHUSDT,long,1732716000000,1732716000000,1732737600000,3508.29,3447.4,3630.07,3630.07,3630.06,0.24,841.9896,TP,29.227200000000046,0.69112656,0.0024,0.13400359199999998,28.399669848000045,1.948480000000003,1.893311323200003,TREND,32.911383757950354,6.0
BTCUSDT,long,1733508000000,1733508000000,1733536800000,100915.1,99145.5,104454.3,100119.3,100119.2,0.008400000000000001,847.6868400000002,TIME,-6.684720000000025,0.674138136,0.0008400000000000001,0.26803438452000006,-7.627732520520025,-0.4456480000000017,-0.5085155013680017,TREND,32.95818143947775,8.0
ETHUSDT,long,1734015600000,1734015600000,1734026400000,3981.01,3916.25,4110.53,3916.25,3916.24,0.23,915.6323000000001,SL,-14.894800000000052,0.7235675799999999,0.0023,0.09101836,-15.71168594000005,-0.9929866666666701,-1.0474457293333368,TREND,41.27654688798409,3.0
BTCUSDT,long,1734310800000,1734310800000,1734318000000,105435.4,104325.4,107655.4,104325.4,104325.29999999999,0.0135,1423.3779,SL,-14.985,1.1297105099999998,0.00135,0.0,-16.116060509999997,-0.999,-1.0744040339999998,TREND,38.77351669960583,2.0
BTCUSDT,long,1734368400000,1734368400000,1734390000000,106778.2,105518.5,109297.6,105518.5,105518.4,0.0119,1270.66058,SL,-14.990429999999966,1.0075334919999999,0.00119,0.0,-15.999153491999966,-0.9993619999999978,-1.0666102327999978,TREND,36.69015708541706,6.0
BTCUSDT,long,1734447600000,1734447600000,1734447600000,108222.2,107161.8,110343.0,107161.8,107161.7,0.014100000000000001,1525.9330200000002,SL_FILL_BAR,-14.95163999999992,1.211774586,0.0014100000000000002,0.0,-16.16482458599992,-0.9967759999999947,-1.0776549723999946,TREND,33.56783705910021,0.0
BTCUSDT,long,1735830000000,1735830000000,1735830000000,97237.4,96354.4,99003.4,96354.4,96354.29999999999,0.016900000000000002,1643.31206,SL_FILL_BAR,-14.9227,1.3056950139999999,0.0016900000000000003,0.0,-16.230085014,-0.9948466666666668,-1.0820056676,TREND,42.99599486933409,0.0
ETHUSDT,long,1735830000000,1735830000000,1735830000000,3494.72,3456.23,3571.7,3456.23,3456.22,0.38,1327.9936,SL_FILL_BAR,-14.626199999999917,1.0536168799999999,0.0038,0.0,-15.683616879999917,-0.9750799999999945,-1.045574458666661,TREND,42.53013644426527,0.0
SOLUSDT,long,1735898400000,1735898400000,1735912800000,211.094,207.843,217.596,217.596,217.595,4.6000000000000005,971.0324,TP,29.909200000000048,0.79476868,0.004600000000000001,0.0,29.109831320000048,1.9939466666666699,1.9406554213333365,TREND,45.01016630271599,4.0
SOLUSDT,long,1735916400000,1735916400000,1735945200000,218.12,214.377,225.606,217.025,217.024,4.0,872.48,TIME,-4.3799999999999955,0.6953535999999999,0.004,-0.06924055964,-5.010113040359995,-0.2919999999999997,-0.3340075360239997,TREND,49.83200742699844,8.0
ETHUSDT,long,1735930800000,1735930800000,1735959600000,3604.56,3562.43,3688.82,3595.43,3595.4199999999996,0.35000000000000003,1261.596,TIME,-3.1955000000000386,1.0073573999999998,0.0035000000000000005,0.12626460000000003,-4.332622000000038,-0.2130333333333359,-0.2888414666666692,TREND,33.226843807958495,8.0
BTCUSDT,long,1736953200000,1736953200000,1736982000000,99375.0,98271.9,101581.2,99674.3,99674.2,0.0135,1341.5625,TIME,4.04055000000004,1.0756735199999998,0.00135,0.078060327102,2.88546615289804,0.26937000000000266,0.19236441019320266,TREND,30.583918483212802,8.0
SOLUSDT,long,1736974800000,1736974800000,1737003600000,202.656,198.808,210.352,201.732,201.731,3.8000000000000003,770.0928000000001,TIME,-3.5112000000000254,0.61396524,0.0038000000000000004,0.07819298000000001,-4.207158220000025,-0.2340800000000017,-0.28047721466666836,TREND,40.363528862432965,8.0
SOLUSDT,long,1737028800000,1737028800000,1737036000000,212.655,208.155,221.655,208.155,208.154,3.3000000000000003,701.7615000000001,SL,-14.850000000000001,0.55249722,0.0033000000000000004,0.0,-15.40579722,-0.9900000000000001,-1.027053148,TREND,42.071527733919595,2.0
SOLUSDT,long,1737115200000,1737115200000,1737144000000,218.725,214.476,227.223,217.083,217.082,3.5,765.5375,TIME,-5.746999999999986,0.6089797,0.0035,0.07648970000000001,-6.435969399999985,-0.3831333333333324,-0.42906462666666567,TREND,32.227502030956394,8.0
BTCUSDT,long,1737126000000,1737126000000,1737140400000,103288.4,102194.3,105476.6,105476.6,105476.5,0.0137,1415.05108,TP,29.97834000000016,1.150027046,0.0013700000000000001,0.048873981156,28.77806897284416,1.9985560000000107,1.918537931522944,TREND,36.036017989657864,4.0
BTCUSDT,long,1738249200000,1738249200000,1738260000000,105880.1,104817.5,108005.3,104817.5,104817.4,0.014100000000000001,1492.9094100000002,SL,-14.982660000000084,1.185337086,0.0014100000000000002,0.14132862593640003,-16.310735711936484,-0.9988440000000056,-1.0873823807957657,TREND,33.74549590249165,3.0
ETHUSDT,long,1742385600000,1742385600000,1742385600000,2027.13,1999.1,2083.19,1999.1,1999.09,0.53,1074.3789000000002,SL_FILL_BAR,-14.855900000000107,0.8505864000000001,0.0053,0.0,-15.711786400000106,-0.9903933333333405,-1.0474524266666738,TREND,33.884293356339136,0.0
BTCUSDT,long,1742410800000,1742410800000,1742439600000,85576.0,84579.1,87569.8,86020.0,86019.9,0.015000000000000001,1283.64,TIME,6.66,1.0309071,0.0015000000000000002,0.025310617560000005,5.60228228244,0.444,0.373485485496,TREND,32.377671611569056,8.0
SOLUSDT,long,1742410800000,1742410800000,1742439600000,132.881,130.08,138.483,134.035,134.034,5.300000000000001,704.2693,TIME,6.116199999999981,0.56708198,0.005300000000000001,0.07170900000000002,5.472109019999981,0.4077466666666654,0.36480726799999874,TREND,36.06131368141246,8.0
SOLUSDT,long,1742806800000,1742806800000,1742824800000,140.184,137.93,144.692,144.692,144.691,6.6000000000000005,925.2144000000001,TP,29.752800000000068,0.75801924,0.006600000000000001,0.0,28.98818076000007,1.9835200000000046,1.9325453840000046,TREND,38.99638858245645,5.0
BTCUSDT,long,1742828400000,1742828400000,1742857200000,87900.0,87159.3,89381.4,87411.5,87411.4,0.020200000000000003,1775.5800000000002,TIME,-9.867700000000001,1.4145421679999999,0.0020200000000000005,-0.06102550879840002,-11.223236659201602,-0.6578466666666667,-0.7482157772801068,TREND,53.84031516674883,8.0
SOLUSDT,long,1742911200000,1742911200000,1742940000000,144.51,141.744,150.042,143.635,143.634,5.4,780.354,TIME,-4.7250000000000005,0.62144496,0.0054,0.013430272878000001,-5.365275232878,-0.31500000000000006,-0.3576850155252,TREND,35.11871933463397,8.0
ETHUSDT,long,1743498000000,1743498000000,1743516000000,1883.42,1854.39,1941.48,1854.39,1854.38,0.51,960.5442,SL,-14.805299999999987,0.7595491200000001,0.0051,0.0,-15.569949119999988,-0.9870199999999991,-1.0379966079999992,TREND,23.16652524218937,5.0
SOLUSDT,long,1744380000000,1744380000000,1744408800000,120.524,117.835,125.902,121.115,121.11399999999999,5.5,662.8820000000001,TIME,3.250499999999967,0.5322526,0.0055,0.065945,2.6468023999999666,0.21669999999999778,0.1764534933333311,TREND,30.897385909880512,8.0
BTCUSDT,long,1744394400000,1744394400000,1744423200000,83880.0,82483.5,86673.0,83181.6,83181.5,0.010700000000000001,897.5160000000001,TIME,-7.472879999999939,0.71352843,0.0010700000000000002,0.0326019742146,-8.220080404214539,-0.4981919999999959,-0.5480053602809692,TREND,23.302308958086204,8.0
ETHUSDT,long,1744448400000,1744448400000,1744462800000,1590.96,1564.55,1643.78,1643.78,1643.77,0.56,890.9376000000001,TP,29.579199999999968,0.73049424,0.005600000000000001,0.0,28.84310575999997,1.9719466666666645,1.9228737173333312,TREND,23.812038532539297,4.0
SOLUSDT,long,1744466400000,1744466400000,1744488000000,128.528,126.009,133.566,133.566,133.565,5.9,758.3152,TP,29.724200000000067,0.6244831399999999,0.005900000000000001,0.021305030271999998,29.072511829728068,1.981613333333338,1.9381674553152046,TREND,56.278962187517735,6.0
BTCUSDT,long,1744466400000,1744466400000,1744495200000,84413.0,83552.1,86134.8,85317.1,85317.0,0.017400000000000002,1468.7862000000002,TIME,15.731340000000102,1.18446672,0.0017400000000000002,0.07966423843920001,14.465469041560903,1.048756000000007,0.9643646027707269,TREND,31.663159419956084,8.0
ETHUSDT,long,1744466400000,1744466400000,1744495200000,1637.99,1610.29,1693.39,1646.73,1646.72,0.54,884.5146000000001,TIME,4.719600000000005,0.7104402000000001,0.0054,0.021592966176,3.9821668338240053,0.31464000000000036,0.26547778892160034,TREND,32.96164045753964,8.0
SOLUSDT,long,1744491600000,1744491600000,1744520400000,132.709,129.777,138.573,130.17,130.16899999999998,5.1000000000000005,676.8159,TIME,-12.948900000000082,0.53368032,0.0051,-0.0022590299550000006,-13.485421290045082,-0.8632600000000055,-0.8990280860030054,TREND,61.84324637345626,8.0
SOLUSDT,long,1744599600000,1744599600000,1744628400000,133.357,129.638,140.795,133.694,133.69299999999998,4.0,533.428,TIME,1.3479999999999563,0.42754879999999995,0.004,-0.0209277816,0.9373789815999564,0.08986666666666375,0.062491932106663754,TREND,25.576636401641938,8.0
ETHUSDT,long,1744628400000,1744628400000,1744642800000,1678.0,1642.67,1748.66,1642.67,1642.66,0.42,704.76,SL,-14.83859999999997,0.55490232,0.0042,0.0,-15.39770231999997,-0.989239999999998,-1.026513487999998,TREND,20.71944177339192,4.0
BTCUSDT,long,1745200800000,1745200800000,1745229600000,87247.8,86575.2,88593.0,87473.3,87473.2,0.0223,1945.6259400000001,TIME,5.02865,1.5595166040000001,0.00223,0.10530530962620001,3.3615980863737995,0.33524333333333334,0.22410653909158665,TREND,28.837226005891626,8.0
ETHUSDT,long,1745204400000,1745204400000,1745233200000,1631.91,1612.58,1670.57,1635.18,1635.17,0.77,1256.5707,TIME,2.5178999999999863,1.00676268,0.0077,0.12666500000000003,1.3767723199999862,0.1678599999999991,0.0917848213333324,TREND,28.889951614267833,8.0
BTCUSDT,long,1745247600000,1745247600000,1745251200000,88157.5,87347.5,89777.5,87347.5,87347.4,0.018500000000000003,1630.9137500000002,SL,-14.985000000000001,1.29573889,0.0018500000000000003,0.025282093007,-16.307870983007003,-0.9990000000000001,-1.0871913988671336,TREND,40.122622100251505,1.0
BTCUSDT,long,1745326800000,1745326800000,1745330400000,88943.5,88162.3,90505.9,90505.9,90505.79999999999,0.019200000000000002,1707.7152,TP,29.99807999999989,1.3841698559999998,0.0019200000000000003,0.0,28.611990143999893,1.9998719999999928,1.907466009599993,TREND,30.157735613451624,1.0
ETHUSDT,long,1745330400000,1745330400000,1745334000000,1642.32,1616.42,1694.12,1694.12,1694.11,0.5700000000000001,936.1224000000001,TP,29.52599999999998,0.7666101000000001,0.005700000000000001,0.0,28.753689899999976,1.9683999999999986,1.9169126599999984,TREND,25.838707718799053,1.0
BTCUSDT,long,1745334000000,1745334000000,1745355600000,90744.2,89816.7,92599.2,92599.2,92599.09999999999,0.0161,1460.98162,TP,29.8655,1.1867036299999998,0.00161,-0.1030801856,28.7802665556,1.9910333333333334,1.91868443704,TREND,34.986144178583146,6.0
SOLUSDT,long,1745334000000,1745334000000,1745355600000,144.136,141.702,149.004,149.004,149.003,6.1000000000000005,879.2296,TP,29.694799999999972,0.7211968999999999,0.0061,0.040308884607,28.927194215392973,1.9796533333333315,1.9284796143595315,TREND,20.303463225286396,6.0
BTCUSDT,long,1745359200000,1745359200000,1745388000000,92974.2,91765.3,95392.0,93441.6,93441.5,0.012400000000000001,1152.8800800000001,TIME,5.795760000000109,0.9257807760000001,0.0012400000000000002,-0.016087703580000005,4.884826927580109,0.3863840000000073,0.3256551285053406,TREND,49.78202357027596,8.0
ETHUSDT,long,1745359200000,1745359200000,1745388000000,1753.37,1716.35,1827.41,1796.69,1796.68,0.4,701.348,TIME,17.328000000000067,0.5714728,0.004,0.046901808120000006,16.705625391880066,1.1552000000000044,1.113708359458671,TREND,37.55813023535411,8.0
SOLUSDT,long,1745359200000,1745359200000,1745388000000,147.721,144.927,153.309,150.596,150.595,5.300000000000001,782.9213000000001,TIME,15.237500000000002,0.6354763600000001,0.005300000000000001,0.07880252000000001,14.517921120000002,1.0158333333333336,0.9678614080000002,TREND,35.507297536364995,8.0
BTCUSDT,long,1746111600000,1746111600000,1746140400000,96773.9,95946.1,98429.5,96330.0,96329.9,0.0181,1751.60759,TIME,-8.034589999999895,1.396464232,0.0018100000000000002,-0.140651896662,-9.292212335337895,-0.5356393333333264,-0.6194808223558597,TREND,24.065822547989683,8.0
BTCUSDT,long,1746198000000,1746198000000,1746212400000,97691.1,96948.7,99175.9,96948.7,96948.59999999999,0.020200000000000003,1973.3602200000005,SL,-14.996480000000178,1.569689076,0.0020200000000000005,-0.17072809475580003,-16.397460981244382,-0.9997653333333452,-1.0931640654162922,TREND,20.752651855569532,4.0
ETHUSDT,long,1746676800000,1746676800000,1746698400000,1900.52,1869.45,1962.66,1962.66,1962.65,0.48,912.2496,TP,29.827200000000047,0.74769312,0.0048,0.09252048,28.982186400000046,1.9884800000000031,1.9321457600000032,TREND,22.040251403071267,6.0
ETHUSDT,long,1746702000000,1746702000000,1746716400000,1960.18,1928.43,2023.68,2023.68,2023.67,0.47000000000000003,921.2846000000001,TP,29.845000000000002,0.7549318600000001,0.0047,0.0,29.085368140000003,1.989666666666667,1.9390245426666668,TREND,40.8378010928387,4.0
SOLUSDT,long,1746716400000,1746716400000,1746734400000,157.003,154.558,161.893,161.893,161.892,6.1000000000000005,957.7183,TP,29.829000000000093,0.78406838,0.0061,0.09420106780000001,28.944630552200092,1.9886000000000061,1.9296420368133396,TREND,41.43946622509256,5.0
ETHUSDT,long,1746734400000,1746734400000,1746738000000,2117.07,2070.37,2210.47,2210.47,2210.4599999999996,0.32,677.4624000000001,TP,29.887999999999884,0.5599007999999999,0.0032,0.0,29.324899199999884,1.9925333333333257,1.9549932799999923,TREND,62.73566317930869,1.0
BTCUSDT,long,1746738000000,1746738000000,1746766800000,102586.1,101536.4,104685.5,102802.1,102802.0,0.0142,1456.7226200000002,TIME,3.0672,1.167217564,0.0014200000000000003,0.146582198,1.7519802380000002,0.20448000000000002,0.11679868253333335,TREND,47.18315797017377,8.0
SOLUSDT,long,1746788400000,1746788400000,1746792000000,173.949,169.835,182.177,169.835,169.834,3.6,626.2164,SL,-14.810400000000016,0.49208472000000003,0.0036000000000000003,0.0,-15.306084720000015,-0.987360000000001,-1.020405648000001,TREND,65.4680782759,1.0
BTCUSDT,long,1746860400000,1746860400000,1746889200000,103894.8,103149.2,105386.0,103477.7,103477.59999999999,0.0201,2088.28548,TIME,-8.383710000000116,1.6655969519999996,0.00201,0.20847880800000004,-10.259795760000117,-0.5589140000000078,-0.6839863840000078,TREND,39.48762244136352,8.0
SOLUSDT,long,1746925200000,1746925200000,1746925200000,179.113,175.545,186.249,175.545,175.54399999999998,4.2,752.2746000000001,SL_FILL_BAR,-14.985600000000051,0.5928258,0.004200000000000001,0.0,-15.582625800000052,-0.9990400000000034,-1.0388417200000035,TREND,29.68617757213994,0.0
ETHUSDT,long,1747155600000,1747155600000,1747162800000,2596.72,2543.57,2703.02,2703.02,2703.0099999999998,0.28,727.0816,TP,29.764000000000053,0.599522,0.0028000000000000004,0.0,29.16167800000005,1.9842666666666702,1.9441118666666701,TREND,23.49229720640889,2.0
ETHUSDT,long,1747166400000,1747166400000,1747188000000,2690.68,2629.38,2813.28,2629.38,2629.37,0.24,645.7632,SL,-14.711999999999934,0.5077819199999999,0.0024,0.06428808000000001,-15.286469999999934,-0.9807999999999956,-1.0190979999999956,TREND,30.884579668669964,6.0
BTCUSDT,long,1747587600000,1747587600000,1747587600000,105784.0,105116.5,107119.0,105116.5,105116.4,0.0224,2369.5616,SL_FILL_BAR,-14.952,1.8866767359999999,0.0022400000000000002,0.0,-16.840916736,-0.9968,-1.1227277824,TREND,30.81933180569652,0.0
SOLUSDT,long,1747576800000,1747576800000,1747591200000,172.741,170.456,177.311,170.456,170.45499999999998,6.5,1122.8165000000001,SL,-14.852500000000163,0.8893378,0.006500000000000001,0.05791453394999999,-15.806252333950162,-0.9901666666666775,-1.0537501555966775,TREND,25.47661445243859,4.0
ETHUSDT,long,1747969200000,1747969200000,1747980000000,2705.29,2653.24,2809.39,2653.24,2653.2299999999996,0.28,757.4812000000001,SL,-14.574000000000053,0.5972388799999999,0.0028000000000000004,0.0,-15.174038880000055,-0.9716000000000036,-1.0116025920000036,TREND,27.240113346789197,3.0
SOLUSDT,long,1747965600000,1747972800000,1747998000000,183.062,179.91,189.366,179.91,179.909,4.7,860.3914000000001,SL,-14.814400000000072,0.67942166,0.0047,0.08576043,-15.584282090000073,-0.9876266666666714,-1.0389521393333383,TREND,29.729596758764316,7.0
ETHUSDT,long,1748354400000,1748354400000,1748383200000,2654.7,2615.41,2733.28,2662.02,2662.0099999999998,0.38,1008.786,TIME,2.7816000000000622,0.8086954799999999,0.0038,0.101346,1.8677585200000624,0.18544000000000416,0.12451723466667082,TREND,29.367753106632644,8.0
ETHUSDT,long,1748487600000,1748487600000,1748491200000,2770.13,2722.94,2864.51,2722.94,2722.93,0.31,858.7403,SL,-14.628900000000018,0.6782130399999999,0.0031,0.0,-15.310213040000017,-0.9752600000000011,-1.0206808693333345,TREND,20.562633551291732,1.0
SOLUSDT,long,1748962800000,1748962800000,1748970000000,163.081,160.481,168.281,160.481,160.48,5.7,929.5617,SL,-14.819999999999968,0.7347539399999999,0.0057,0.005322691008,-15.565776631007967,-0.9879999999999979,-1.0377184420671979,TREND,28.533164552411428,2.0
ETHUSDT,long,1749506400000,1749506400000,1749513600000,2642.71,2609.21,2709.71,2709.71,2709.7,0.44,1162.7924,TP,29.48,0.9479192799999999,0.0044,0.11788084000000001,28.409799879999998,1.9653333333333334,1.8939866586666665,TREND,28.216107548302393,2.0
BTCUSDT,long,1749506400000,1749506400000,1749535200000,109930.8,109036.4,111719.6,109273.2,109273.09999999999,0.0167,1835.84436,TIME,-10.981920000000096,1.4620853339999997,0.00167,0.11733307642399998,-12.563008410424096,-0.7321280000000064,-0.837533894028273,TREND,37.74301280572806,8.0
SOLUSDT,long,1749506400000,1749506400000,1749535200000,158.948,156.636,163.572,158.06,158.059,6.4,1017.2672000000001,TIME,-5.683200000000034,0.8104,0.0064,0.093573558528,-6.593573558528035,-0.37888000000000227,-0.43957157056853563,TREND,27.647372348390554,8.0
ETHUSDT,long,1749517200000,1749517200000,1749535200000,2698.24,2659.89,2774.94,2659.89,2659.8799999999997,0.39,1052.3136,SL,-14.956499999999965,0.8328746399999998,0.0039000000000000003,0.0,-15.793274639999964,-0.9970999999999977,-1.0528849759999976,TREND,37.002485059680865,5.0
ETHUSDT,long,1749556800000,1749556800000,1749560400000,2772.79,2729.38,2859.61,2729.38,2729.37,0.34,942.7486,SL,-14.759399999999951,0.7453412,0.0034000000000000002,0.0,-15.508141199999951,-0.9839599999999967,-1.0338760799999966,TREND,42.390167595084556,1.0
SOLUSDT,long,1749582000000,1749582000000,1749610800000,163.9,160.577,170.546,164.29,164.289,4.5,737.5500000000001,TIME,1.7549999999999386,0.5910903,0.0045000000000000005,0.07427520000000001,1.0851344999999388,0.11699999999999591,0.07234229999999592,TREND,22.805541284060432,8.0
ETHUSDT,long,1749654000000,1749654000000,1749672000000,2839.59,2792.49,2933.79,2792.49,2792.4799999999996,0.31,880.2729,SL,-14.601000000000113,0.6954558599999998,0.0031,0.08877749,-15.388333350000112,-0.9734000000000075,-1.0258888900000074,TREND,31.49146945100547,5.0
SOLUSDT,long,1750039200000,1750039200000,1750068000000,156.468,153.335,162.734,156.426,156.42499999999998,4.7,735.3996,TIME,-0.1974000000000075,0.58819842,0.0047,0.07388682,-0.8641852400000075,-0.0131600000000005,-0.05761234933333383,TREND,29.84694418645157,8.0
BTCUSDT,long,1750086000000,1750086000000,1750114800000,107470.9,106760.9,108890.9,107645.8,107645.7,0.0211,2267.6359899999998,TIME,3.690390000000184,1.81632176,0.0021100000000000003,0.0632772606144,1.808680979385784,0.24602600000001226,0.12057873195905228,TREND,21.526229960613055,8.0
ETHUSDT,long,1750784400000,1750784400000,1750791600000,2477.92,2430.22,2573.32,2430.22,2430.2099999999996,0.31,768.1552,SL,-14.787000000000084,0.6056500999999999,0.0031,0.0,-15.395750100000084,-0.9858000000000057,-1.0263833400000055,TREND,32.18754880693242,2.0
BTCUSDT,long,1750813200000,1750813200000,1750842000000,106337.7,105431.8,108149.5,106587.9,106587.79999999999,0.0165,1754.57205,TIME,4.128299999999952,1.4061336299999998,0.0016500000000000002,0.0482944562265,2.6722219137734524,0.2752199999999968,0.17814812758489681,TREND,32.576855029262646,8.0
BTCUSDT,long,1750849200000,1750849200000,1750878000000,107066.5,106290.4,108618.7,107355.0,107354.9,0.0193,2066.3834500000003,TIME,5.56805,1.656446432,0.0019300000000000003,0.0198629385786,3.8898106294214,0.3712033333333334,0.25932070862809337,TREND,39.69242220077313,8.0
SOLUSDT,long,1751133600000,1751133600000,1751162400000,152.066,149.884,156.43,150.195,150.194,6.800000000000001,1034.0488,TIME,-12.722800000000065,0.8196012799999999,0.0068000000000000005,0.10244132000000003,-13.651642600000066,-0.848186666666671,-0.9101095066666711,TREND,24.405814108835063,8.0
BTCUSDT,long,1751468400000,1751468400000,1751472000000,108083.4,107413.9,109422.4,109422.4,109422.29999999999,0.0224,2421.06816,TP,29.9936,1.9548493439999999,0.0022400000000000002,0.10055453072,27.93595612528,1.9995733333333334,1.8623970750186667,TREND,28.713249111587228,1.0
BTCUSDT,long,1751475600000,1751475600000,1751504400000,109349.9,108600.9,110847.9,108895.5,108895.4,0.02,2186.998,TIME,-9.087999999999884,1.7441444,0.002,0.10599948714,-10.940143887139884,-0.6058666666666589,-0.7293429258093256,TREND,31.88564301175276,8.0
ETHUSDT,long,1751475600000,1751475600000,1751504400000,2559.51,2525.9,2626.73,2572.83,2572.8199999999997,0.44,1126.1844,TIME,5.860799999999872,0.90446136,0.0044,0.11305404,4.838884599999872,0.39071999999999146,0.32259230666665817,TREND,30.643113246289158,8.0
SOLUSDT,long,1751522400000,1751522400000,1751544000000,155.625,153.446,159.983,153.446,153.445,6.800000000000001,1058.25,SL,-14.817200000000016,0.8377056,0.0068000000000000005,0.09290112998400002,-15.754606729984015,-0.9878133333333344,-1.0503071153322676,TREND,23.688315949370782,6.0
BTCUSDT,long,1751536800000,1751536800000,1751544000000,109896.2,109192.4,111303.8,109192.4,109192.29999999999,0.0213,2340.78906,SL,-14.990940000000062,1.8636354059999998,0.00213,0.0,-16.856705406000064,-0.9993960000000042,-1.1237803604000043,TREND,36.45564650438227,2.0
ETHUSDT,long,1751839200000,1751839200000,1751846400000,2586.8,2560.78,2638.84,2560.78,2560.77,0.5700000000000001,1474.4760000000003,SL,-14.831399999999991,1.1706785400000002,0.005700000000000001,0.14648031,-16.154258849999994,-0.9887599999999994,-1.0769505899999996,TREND,26.051322916521368,2.0
ETHUSDT,long,1751997600000,1751997600000,1752026400000,2615.44,2584.31,2677.7,2604.24,2604.2299999999996,0.48,1255.4112,TIME,-5.376000000000131,1.0011004799999998,0.0048,0.06152056900800001,-6.443421049008131,-0.3584000000000087,-0.4295614032672087,TREND,24.859786745899658,8.0
ETHUSDT,long,1752066000000,1752066000000,1752069600000,2658.75,2629.41,2717.43,2629.41,2629.3999999999996,0.51,1355.9625,SL,-14.963400000000075,1.0757889,0.0051,0.0,-16.044288900000073,-0.997560000000005,-1.0696192600000047,TREND,37.37397959316851,1.0
SOLUSDT,long,1752170400000,1752170400000,1752170400000,160.845,158.598,165.339,158.598,158.597,6.6000000000000005,1061.577,SL_FILL_BAR,-14.830199999999907,0.8403595200000001,0.006600000000000001,0.0,-15.677159519999908,-0.9886799999999938,-1.0451439679999939,TREND,33.467052228872156,0.0
BTCUSDT,long,1752166800000,1752166800000,1752181200000,112580.0,111838.1,114063.8,114063.8,114063.7,0.020200000000000003,2274.1160000000004,TP,29.97276000000006,1.8372752440000002,0.0020200000000000005,0.0,28.13346475600006,1.9981840000000042,1.8755643170666707,TREND,37.21649578660941,4.0
ETHUSDT,long,1752170400000,1752170400000,1752181200000,2828.89,2792.57,2901.53,2901.53,2901.52,0.41000000000000003,1159.8449,TP,29.782400000000138,0.9457428999999999,0.0041,0.0,28.832557100000137,1.9854933333333424,1.9221704733333425,TREND,54.51752271493238,3.0
ETHUSDT,long,1752184800000,1752184800000,1752192000000,2972.6,2918.51,3080.78,2918.51,2918.5,0.27,802.602,SL,-14.604299999999917,0.6333173999999999,0.0027,0.07967349000000001,-15.319990889999916,-0.9736199999999945,-1.0213327259999945,TREND,56.02565933496516,2.0
SOLUSDT,long,1752184800000,1752184800000,1752213600000,163.742,161.184,168.858,165.223,165.222,5.800000000000001,949.7036,TIME,8.589800000000134,0.76491328,0.0058000000000000005,0.09530212,7.723784600000133,0.5726533333333422,0.5149189733333422,TREND,39.05911983807208,8.0
BTCUSDT,long,1752462000000,1752462000000,1752465600000,119628.4,118835.9,121213.4,121213.4,121213.29999999999,0.0189,2260.97676,TP,29.956500000000002,1.826754174,0.0018900000000000002,0.0,28.127855826,1.9971,1.8751903884,TREND,35.19072834881888,1.0
BTCUSDT,long,1752472800000,1752472800000,1752498000000,122444.7,121362.9,124608.3,121362.9,121362.79999999999,0.013800000000000002,1689.7368600000002,SL,-14.928840000000042,1.342831356,0.0013800000000000002,0.16935925800000004,-16.442410614000043,-0.9952560000000028,-1.0961607076000028,TREND,42.672985579313476,7.0
ETHUSDT,long,1752588000000,1752588000000,1752588000000,3050.62,3004.61,3142.64,3004.61,3004.6,0.32,976.1984,SL_FILL_BAR,-14.723199999999924,0.77212288,0.0032,0.0,-15.498522879999923,-0.9815466666666616,-1.0332348586666615,TREND,20.943164518781224,0.0
ETHUSDT,long,1752674400000,1752674400000,1752681600000,3194.1,3147.06,3288.18,3288.18,3288.1699999999996,0.31,990.1709999999999,TP,29.16479999999998,0.8096338199999997,0.0031,0.10055129000000002,28.25151488999998,1.9443199999999985,1.8834343259999988,TREND,37.62063222353769,2.0
SOLUSDT,long,1752678000000,1752678000000,1752681600000,167.552,165.203,172.25,172.25,172.249,6.300000000000001,1055.5776,TP,29.59740000000005,0.86221674,0.006300000000000001,0.10609263000000001,28.62279063000005,1.9731600000000034,1.9081860420000034,TREND,26.46018985387517,1.0
ETHUSDT,long,1752685200000,1752685200000,1752696000000,3284.3,3226.72,3399.46,3399.46,3399.45,0.26,853.9180000000001,TP,29.941599999999962,0.7010978,0.0026000000000000003,0.0,29.23790219999996,1.996106666666664,1.9491934799999975,TREND,43.65866477210746,3.0
SOLUSDT,long,1752685200000,1752685200000,1752714000000,172.535,169.638,178.329,173.0,172.999,5.1000000000000005,879.9285000000001,TIME,2.3715000000000175,0.70536264,0.0051,0.08853651000000001,1.5725008500000173,0.15810000000000116,0.10483339000000115,TREND,28.051130038974577,8.0
SOLUSDT,long,1752818400000,1752818400000,1752825600000,183.742,180.055,191.116,180.055,180.054,4.0,734.968,SL,-14.747999999999934,0.5791232,0.004,0.07244640000000001,-15.403569599999933,-0.9831999999999955,-1.0269046399999955,TREND,25.823220186332897,2.0
SOLUSDT,long,1753020000000,1753020000000,1753023600000,183.02,180.525,188.01,180.525,180.524,6.0,1098.1200000000001,SL,-14.970000000000027,0.8695104,0.006,0.0,-15.845510400000027,-0.9980000000000018,-1.0563673600000019,TREND,25.665114452652556,1.0
ETHUSDT,long,1753002000000,1753002000000,1753027200000,3710.22,3656.48,3817.7,3817.7,3817.6899999999996,0.27,1001.7594,TP,29.019600000000008,0.81881766,0.0027,0.10219797000000001,28.095884370000007,1.9346400000000006,1.8730589580000006,TREND,25.452096987293658,7.0
ETHUSDT,long,1753030800000,1753030800000,1753030800000,3808.93,3751.66,3923.47,3751.66,3751.6499999999996,0.26,990.3217999999999,SL_FILL_BAR,-14.890199999999997,0.78332176,0.0026000000000000003,0.0,-15.676121759999996,-0.9926799999999998,-1.0450747839999996,TREND,45.85128786458846,0.0
SOLUSDT,long,1753066800000,1753066800000,1753084800000,184.364,180.913,191.266,191.266,191.265,4.3,792.7651999999999,TP,29.678599999999943,0.65201674,0.0043,0.08175934,28.94052391999994,1.9785733333333295,1.9293682613333294,TREND,21.56895868853025,5.0
BTCUSDT,long,1753081200000,1753081200000,1753092000000,119156.2,118346.2,120776.2,118346.2,118346.09999999999,0.018500000000000003,2204.3897,SL,-14.985000000000001,1.7545196499999998,0.0018500000000000003,0.22077382000000004,-16.962143470000004,-0.9990000000000001,-1.130809564666667,TREND,21.25012421445682,3.0
ETHUSDT,long,1753110000000,1753110000000,1753113600000,3840.18,3776.72,3967.1,3776.72,3776.7099999999996,0.23,883.2414,SL,-14.59580000000001,0.6978342599999999,0.0023,0.08762241000000001,-15.38355667000001,-0.973053333333334,-1.0255704446666674,TREND,28.177055936402944,1.0
ETHUSDT,long,1753614000000,1753614000000,1753642800000,3816.01,3771.49,3905.05,3845.67,3845.66,0.33,1259.2833,TIME,9.787799999999953,1.01329734,0.0033000000000000004,0.12599169,8.645210969999955,0.6525199999999969,0.576347397999997,TREND,28.935259835684846,8.0
ETHUSDT,long,1753682400000,1753682400000,1753686000000,3928.82,3878.68,4029.1,3878.68,3878.6699999999996,0.29,1139.3578,SL,-14.540600000000094,0.9027601399999998,0.0029,0.0,-15.446260140000094,-0.9693733333333395,-1.0297506760000064,TREND,44.02509684418957,1.0
SOLUSDT,long,1753671600000,1753671600000,1753700400000,191.522,188.462,197.642,192.251,192.25,4.9,938.4578,TIME,3.572100000000066,0.75290656,0.004900000000000001,0.09422700000000002,2.720066440000066,0.2381400000000044,0.18133776266667107,TREND,20.36824148926096,8.0
ETHUSDT,long,1754316000000,1754316000000,1754326800000,3619.16,3576.8,3703.88,3703.88,3703.87,0.35000000000000003,1266.7060000000001,TP,29.652000000000093,1.0311539,0.0035000000000000005,0.0460926095,28.571253490500094,1.9768000000000063,1.9047502327000063,TREND,29.855658538552397,3.0
SOLUSDT,long,1754326800000,1754326800000,1754334000000,167.909,165.463,172.801,165.463,165.462,6.1000000000000005,1024.2449000000001,SL,-14.92059999999999,0.8104399,0.0061,0.0,-15.73713989999999,-0.994706666666666,-1.0491426599999993,TREND,21.893603079252436,2.0
SOLUSDT,long,1754391600000,1754391600000,1754395200000,170.951,168.148,176.557,168.148,168.147,5.300000000000001,906.0403000000001,SL,-14.855899999999988,0.71591552,0.005300000000000001,0.0,-15.577115519999987,-0.9903933333333325,-1.038474367999999,TREND,26.941878055748088,1.0
ETHUSDT,long,1754564400000,1754564400000,1754593200000,3818.82,3770.48,3915.5,3826.14,3826.1299999999997,0.31,1183.8342,TIME,2.26919999999991,0.9484270199999999,0.0031,0.11890049999999999,1.1987724799999098,0.151279999999994,0.07991816533332732,TREND,26.329561982965423,8.0
BTCUSDT,long,1754596800000,1754596800000,1754625600000,117396.4,116564.9,119059.4,116707.6,116707.5,0.018000000000000002,2113.1352,TIME,-12.398399999999793,1.68306804,0.0018000000000000004,0.050783050764000005,-14.134051090763792,-0.8265599999999862,-0.9422700727175861,TREND,24.072713121454477,8.0
ETHUSDT,long,1754607600000,1754607600000,1754636400000,3914.79,3859.48,4025.41,3913.06,3913.0499999999997,0.27,1056.9933,TIME,-0.46710000000000496,0.8453127599999999,0.0027,0.044956832220000006,-1.3600695922200048,-0.03114000000000033,-0.09067130614800031,TREND,39.4298749000858,8.0
SOLUSDT,long,1754661600000,1754661600000,1754661600000,178.565,175.932,183.831,175.932,175.93099999999998,5.6000000000000005,999.964,SL_FILL_BAR,-14.744800000000057,0.79112096,0.005600000000000001,0.0,-15.541520960000057,-0.9829866666666704,-1.036101397333337,TREND,34.472567361237765,0.0
ETHUSDT,long,1754661600000,1754661600000,1754665200000,3998.48,3939.08,4117.28,3939.08,3939.0699999999997,0.25,999.62,SL,-14.850000000000023,0.7907844999999999,0.0025,0.0,-15.643284500000021,-0.9900000000000015,-1.0428856333333347,TREND,49.24515802051885,1.0
ETHUSDT,long,1754715600000,1754715600000,1754726400000,4079.68,4027.24,4184.56,4184.56,4184.55,0.28,1142.3104,TP,29.366400000000162,0.9314664800000001,0.0028000000000000004,0.11674852000000001,28.31538500000016,1.9577600000000108,1.887692333333344,TREND,52.65851516596573,3.0
SOLUSDT,long,1754719200000,1754719200000,1754748000000,180.779,178.047,186.243,179.735,179.734,5.4,976.2066000000001,TIME,-5.637599999999907,0.77757948,0.0054,0.08138332737,-6.501962807369907,-0.3758399999999938,-0.4334641871579938,TREND,45.10232484313191,8.0
ETHUSDT,long,1754733600000,1754733600000,1754748000000,4218.34,4154.84,4345.34,4154.84,4154.83,0.23,970.2182,SL,-14.605,0.7674101799999999,0.0023,0.0,-15.374710180000001,-0.9736666666666667,-1.0249806786666666,TREND,59.76761129962483,4.0
SOLUSDT,long,1754791200000,1754791200000,1754805600000,184.41,181.457,190.316,181.457,181.456,5.0,922.05,SL,-14.765000000000015,0.7287779999999999,0.005,0.0,-15.498778000000016,-0.9843333333333343,-1.0332518666666677,TREND,41.814489223597,4.0
BTCUSDT,long,1754877600000,1754877600000,1754881200000,120008.0,119270.1,121483.8,121830.0,121829.9,0.020300000000000002,2436.1624,TP_GAP,36.9866,1.9711206620000001,0.00203,0.0,35.01344933800001,2.4657733333333334,2.3342299558666673,TREND,34.15216627723739,1.0
SOLUSDT,long,1755025200000,1755025200000,1755050400000,188.113,184.65,195.039,195.039,195.03799999999998,4.3,808.8859,TP,29.781799999999947,0.6649752199999999,0.0043,0.08246626,29.030058519999947,1.9854533333333297,1.935337234666663,TREND,31.87034423485288,7.0
ETHUSDT,long,1755032400000,1755032400000,1755061200000,4620.36,4536.02,4789.04,4672.55,4672.54,0.17,785.4612,TIME,8.872300000000088,0.6336913200000001,0.0017000000000000001,0.07801997000000001,8.158888710000088,0.5914866666666725,0.5439259140000059,TREND,34.07990650846138,8.0
SOLUSDT,long,1755079200000,1755079200000,1755093600000,202.247,198.263,210.215,198.263,198.262,3.7,748.3139000000001,SL,-14.740800000000034,0.58980442,0.0037,0.0,-15.334304420000034,-0.9827200000000023,-1.0222869613333356,TREND,56.693332371249426,4.0
ETHUSDT,long,1755079200000,1755079200000,1755097200000,4706.71,4630.15,4859.83,4630.15,4630.139999999999,0.19,894.2749,SL,-14.546400000000077,0.7066909399999999,0.0019,0.0,-15.254990940000075,-0.9697600000000051,-1.016999396000005,TREND,50.12985385699417,5.0
BTCUSDT,long,1755115200000,1755115200000,1755144000000,122717.0,121608.6,124933.8,123394.4,123394.29999999999,0.0135,1656.6795,TIME,9.144899999999922,1.3308297299999998,0.00135,0.16648092,7.646239349999922,0.6096599999999948,0.5097492899999948,TREND,28.242048041113073,8.0
SOLUSDT,long,1755900000000,1755900000000,1755914400000,200.223,195.973,208.723,195.973,195.972,3.5,700.7805000000001,SL,-14.875,0.5516973000000001,0.0035,0.07023449999999999,-15.500431800000001,-0.9916666666666667,-1.03336212,TREND,33.980358108955585,4.0
SOLUSDT,long,1755928800000,1755928800000,1755936000000,207.608,203.097,216.63,203.097,203.096,3.3000000000000003,685.1064000000001,SL,-14.886299999999986,0.53915136,0.0033000000000000004,0.06772755000000001,-15.496478909999986,-0.9924199999999991,-1.033098593999999,TREND,38.30523449526979,2.0
SOLUSDT,long,1756270800000,1756270800000,1756299600000,205.146,200.715,214.008,204.581,204.57999999999998,3.3000000000000003,676.9818,TIME,-1.8644999999999927,0.54046476,0.0033000000000000004,0.06678771000000001,-2.4750524699999925,-0.12429999999999951,-0.1650034979999995,TREND,30.200350076499777,8.0
SOLUSDT,long,1756306800000,1756306800000,1756335600000,206.637,202.46,214.991,204.295,204.29399999999998,3.5,723.2295,TIME,-8.197000000000045,0.5736633,0.0035,0.0730079,-8.847171200000046,-0.5464666666666697,-0.5898114133333364,TREND,36.920680218739705,8.0
SOLUSDT,long,1756371600000,1756371600000,1756396800000,214.189,209.55,223.467,209.55,209.549,3.2,685.4048,SL,-14.844799999999942,0.53941504,0.0032,0.06752704,-15.454942079999942,-0.9896533333333295,-1.030329471999996,TREND,28.29207781198395,7.0
BTCUSDT,long,1757077200000,1757077200000,1757080800000,113147.8,112290.4,114862.6,112290.4,112290.29999999999,0.017400000000000002,1968.7717200000004,SL,-14.918760000000153,1.5660650760000001,0.0017400000000000002,0.0,-16.486565076000154,-0.9945840000000102,-1.0991043384000103,TREND,36.17926125698596,1.0
BTCUSDT,long,1757401200000,1757401200000,1757426400000,112981.9,112296.3,114353.1,112296.3,112296.2,0.0218,2463.00542,SL,-14.94607999999981,1.9614353799999997,0.00218,0.246231436,-17.15592681599981,-0.9964053333333207,-1.1437284543999873,TREND,23.92172236339828,7.0
SOLUSDT,long,1757401200000,1757401200000,1757426400000,218.339,214.97,225.077,214.97,214.969,4.4,960.6916000000001,SL,-14.8236,0.7596564800000001,0.0044,0.09642512,-15.6840816,-0.98824,-1.04560544,TREND,41.89623081323675,7.0
BTCUSDT,long,1757509200000,1757509200000,1757538000000,113387.9,112654.3,114855.1,113509.0,113508.9,0.0204,2313.11316,TIME,2.470440000000119,1.851971568,0.00204,0.23215791600000005,0.38427051600011897,0.16469600000000792,0.02561803440000793,TREND,21.20973722016313,8.0
SOLUSDT,long,1757509200000,1757509200000,1757538000000,223.306,220.002,229.914,222.423,222.422,4.5,1004.8770000000001,TIME,-3.973500000000044,0.8015148,0.0045000000000000005,0.10034775,-4.879862550000044,-0.2649000000000029,-0.3253241700000029,TREND,25.204807348181458,8.0
BTCUSDT,long,1757599200000,1757599200000,1757628000000,114576.1,113851.4,116025.5,114428.2,114428.09999999999,0.0206,2360.26766,TIME,-3.04674000000018,1.886384848,0.00206,0.07819274334399999,-5.01337759134418,-0.203116000000012,-0.33422517275627867,TREND,32.026550843678656,8.0
BTCUSDT,long,1757638800000,1757638800000,1757646000000,115779.4,115035.8,117266.6,115035.8,115035.7,0.0201,2327.16594,SL,-14.946359999999824,1.8527637299999997,0.00201,0.0,-16.801133729999822,-0.9964239999999883,-1.1200755819999881,TREND,25.260836471281934,2.0
SOLUSDT,long,1757638800000,1757638800000,1757667600000,232.896,229.368,239.952,237.574,237.573,4.2,978.1632,TIME,19.647600000000107,0.7943166,0.004200000000000001,0.004672936842000001,18.84441046315811,1.3098400000000072,1.2562940308772073,TREND,41.913835288012606,8.0
ETHUSDT,long,1757700000000,1757700000000,1757714400000,4610.56,4559.57,4712.54,4712.54,4712.53,0.29,1337.0624,TP,29.57419999999987,1.0873926999999999,0.0029,0.0,28.48390729999987,1.9716133333333246,1.8989271533333247,TREND,37.96604957793473,4.0
ETHUSDT,long,1757718000000,1757718000000,1757746800000,4693.18,4632.69,4814.16,4709.48,4709.469999999999,0.24,1126.3632,TIME,3.9119999999998254,0.9034363199999998,0.0024,0.11304432,2.893119359999825,0.2607999999999884,0.19287462399998834,TREND,48.696821253144435,8.0
SOLUSDT,long,1758214800000,1758214800000,1758236400000,249.722,246.307,256.552,246.307,246.30599999999998,4.3,1073.8046,SL,-14.684500000000087,0.8502303999999998,0.0043,0.0,-15.539030400000087,-0.9789666666666724,-1.0359353600000059,TREND,29.82757214036761,6.0
SOLUSDT,long,1759158000000,1759158000000,1759161600000,212.244,209.196,218.34,209.196,209.195,4.9,1039.9956,SL,-14.93520000000001,0.8230324199999999,0.004900000000000001,-0.07624659915600002,-15.68688582084401,-0.9956800000000007,-1.0457923880562674,TREND,23.009202647701358,1.0
ETHUSDT,long,1759154400000,1759154400000,1759183200000,4167.07,4121.54,4258.13,4221.14,4221.13,0.32,1333.4624,TIME,17.302400000000198,1.07714944,0.0032,-0.04649227232,16.268542832320197,1.1534933333333466,1.0845695221546798,TREND,28.7573697098064,8.0
BTCUSDT,long,1759158000000,1759158000000,1759186800000,113946.8,113245.7,115349.0,114123.0,114122.9,0.0213,2427.06684,TIME,3.753059999999938,1.9439040299999997,0.00213,0.0007752559296000001,1.8062507140703383,0.2502039999999959,0.12041671427135589,TREND,47.33493429158671,8.0
BTCUSDT,long,1759309200000,1759309200000,1759334400000,116062.5,115180.7,117826.1,117826.1,117826.0,0.017,1973.0625000000002,TP,29.9812000000001,1.5964377,0.0017000000000000001,0.19950282000000003,28.183559480000103,1.9987466666666733,1.8789039653333401,TREND,34.77242726576666,7.0
ETHUSDT,long,1759388400000,1759388400000,1759417200000,4402.26,4346.18,4514.42,4372.47,4372.46,0.26,1144.5876,TIME,-7.745399999999991,0.9110212799999999,0.0026000000000000003,0.034497772686,-8.693519052685991,-0.5163599999999994,-0.5795679368457327,TREND,39.24592930929876,8.0
BTCUSDT,long,1759413600000,1759413600000,1759413600000,119565.2,118784.9,121125.8,118784.9,118784.79999999999,0.019200000000000002,2295.65184,SL_FILL_BAR,-14.981760000000058,1.827531264,0.0019200000000000003,0.0,-16.811211264000057,-0.9987840000000039,-1.1207474176000038,TREND,58.32501274284657,0.0
ETHUSDT,long,1759424400000,1759424400000,1759453200000,4446.39,4385.3,4568.57,4465.75,4465.74,0.24,1067.1336000000001,TIME,4.646399999999921,0.8564932799999999,0.0024,0.01411087488,3.7733958451199205,0.3097599999999947,0.25155972300799473,TREND,38.97878432746932,8.0
SOLUSDT,long,1759424400000,1759424400000,1759453200000,227.842,224.016,235.494,231.736,231.73499999999999,3.9000000000000004,888.5838000000001,TIME,15.186599999999912,0.71997666,0.0039000000000000003,-0.09091913797200002,14.553642477971911,1.012439999999994,0.9702428318647941,TREND,41.7999782151188,8.0
BTCUSDT,long,1759640400000,1759640400000,1759654800000,125164.8,124223.4,127047.6,124223.4,124223.29999999999,0.0159,1990.1203200000002,SL,-14.96826000000014,1.5831143460000001,0.0015900000000000003,0.19827236400000003,-16.75123671000014,-0.9978840000000093,-1.1167491140000092,TREND,30.69244392411679,4.0
ETHUSDT,long,1759773600000,1759773600000,1759802400000,4693.6,4640.07,4800.66,4673.56,4673.55,0.28,1314.2080000000003,TIME,-5.61119999999999,1.0479980000000002,0.0028000000000000004,0.13107948000000003,-6.793077479999991,-0.37407999999999936,-0.4528718319999994,TREND,33.52388606187152,8.0
ETHUSDT,long,1759842000000,1759842000000,1759842000000,4747.0,4698.14,4844.72,4698.14,4698.13,0.3,1424.1,SL_FILL_BAR,-14.657999999999902,1.1304834,0.003,0.0,-15.791483399999901,-0.9771999999999934,-1.0527655599999934,TREND,33.080472386145956,0.0
BTCUSDT,long,1761058800000,1761058800000,1761076800000,112120.0,110688.2,114983.6,110688.2,110688.09999999999,0.010400000000000001,1166.0480000000002,SL,-14.890720000000032,0.923903344,0.0010400000000000001,-0.029541339464000005,-15.78612200453603,-0.9927146666666687,-1.0524081336357354,TREND,27.076320809328784,5.0
ETHUSDT,long,1761519600000,1761519600000,1761541200000,4158.59,4113.31,4249.15,4249.15,4249.139999999999,0.33,1372.3347,TP,29.884799999999835,1.11579666,0.0033000000000000004,0.13717803,28.628525309999834,1.992319999999989,1.908568353999989,TREND,43.699070047565925,6.0
BTCUSDT,long,1761519600000,1761519600000,1761548400000,114642.7,113852.2,116223.7,115988.0,115987.9,0.0189,2166.74703,TIME,25.426170000000056,1.7486521919999998,0.0018900000000000002,0.216390258,23.459237550000054,1.6950780000000036,1.5639491700000037,TREND,45.08220858355319,8.0
BTCUSDT,long,1761548400000,1761548400000,1761552000000,115988.0,115165.2,117633.6,115165.2,115165.09999999999,0.0182,2110.9816,SL,-14.974960000000054,1.679799212,0.0018200000000000002,0.210224924,-16.866804136000052,-0.9983306666666703,-1.1244536090666701,TREND,53.64145076328828,1.0
BTCUSDT,long,1762736400000,1762736400000,1762765200000,106233.1,105075.1,108549.1,105900.2,105900.09999999999,0.0129,1370.4069900000002,TIME,-4.294410000000113,1.093748172,0.0012900000000000001,0.1009516931205,-5.4903998651206125,-0.28629400000000754,-0.3660266576747075,TREND,38.71944017063189,8.0
ETHUSDT,long,1762736400000,1762736400000,1762765200000,3632.84,3572.44,3753.64,3592.71,3592.7,0.24,871.8816,TIME,-9.631200000000026,0.69172512,0.0024,0.07878219926399999,-10.404107319264025,-0.6420800000000018,-0.6936071546176017,TREND,40.972404628145455,8.0
SOLUSDT,long,1762736400000,1762736400000,1762765200000,167.379,164.175,173.787,166.518,166.517,4.6000000000000005,769.9434,TIME,-3.9605999999999546,0.6135756,0.004600000000000001,-0.08651663890800002,-4.492258961091955,-0.264039999999997,-0.29948393073946367,TREND,29.01914658913352,8.0
SOLUSDT,long,1764018000000,1764018000000,1764046800000,138.885,135.99,144.675,138.483,138.482,5.1000000000000005,708.3135,TIME,-2.0501999999999327,0.5654176200000001,0.0051,-0.034203907299000004,-2.5865137127009326,-0.13667999999999553,-0.1724342475133955,TREND,25.23313857480587,8.0
BTCUSDT,long,1764212400000,1764212400000,1764241200000,91325.9,90255.8,93466.1,91545.4,91545.29999999999,0.014,1278.5626,TIME,3.073,1.0246930399999998,0.0014000000000000002,0.0307984404,2.0161085196000004,0.20486666666666667,0.13440723464,TREND,29.164401229889435,8.0
BTCUSDT,long,1764698400000,1764698400000,1764727200000,91405.9,90092.1,94033.5,92200.9,92200.79999999999,0.0114,1042.02726,TIME,9.063,0.8390589239999999,0.0011400000000000002,-0.0180158070984,8.240816883098402,0.6042000000000001,0.5493877922065601,TREND,28.42569528056815,8.0
ETHUSDT,long,1764802800000,1764802800000,1764831600000,3187.98,3131.65,3300.64,3203.75,3203.74,0.26,828.8748,TIME,4.100199999999996,0.6655584,0.0026000000000000003,0.05223711415000001,3.3798044858499954,0.27334666666666635,0.22532029905666637,TREND,60.45287915360164,8.0
BTCUSDT,long,1766408400000,1766408400000,1766412000000,90165.9,89451.9,91593.9,89451.9,89451.79999999999,0.021,1893.4839,SL,-14.994000000000002,1.50578946,0.0021000000000000003,0.0,-16.50188946,-0.9996000000000002,-1.100125964,TREND,26.649755577123347,1.0
BTCUSDT,long,1766980800000,1766980800000,1766991600000,90080.0,89503.5,91233.0,89503.5,89503.4,0.026000000000000002,2342.0800000000004,SL,-14.989,1.86466904,0.0026000000000000003,0.0,-16.85626904,-0.9992666666666667,-1.1237512693333334,TREND,31.578593942134,3.0
SOLUSDT,long,1766973600000,1766973600000,1766998800000,128.645,126.983,131.969,126.983,126.982,9.0,1157.805,SL,-14.958000000000055,0.9172638,0.009000000000000001,0.11504790000000001,-15.999311700000057,-0.9972000000000036,-1.0666207800000038,TREND,25.70704086005184,7.0
ETHUSDT,long,1767366000000,1767366000000,1767369600000,3080.8,3049.51,3143.38,3143.38,3143.37,0.47000000000000003,1447.976,TP,29.41259999999997,1.17602554,0.0047,0.14497338,28.08690107999997,1.960839999999998,1.872460071999998,TREND,57.418798962816176,1.0
BTCUSDT,long,1767373200000,1767373200000,1767402000000,90330.0,89502.2,91985.6,90113.9,90113.79999999999,0.0181,1634.9730000000002,TIME,-3.9114100000001057,1.305630468,0.0018100000000000002,0.050633416753999995,-5.269483884754105,-0.2607606666666737,-0.35129892565027365,TREND,38.737710370421524,8.0
ETHUSDT,long,1767373200000,1767373200000,1767402000000,3129.99,3091.52,3206.93,3128.93,3128.9199999999996,0.38,1189.3962,TIME,-0.4027999999999793,0.9512729999999998,0.0038,0.061567635948,-1.4194406359479792,-0.026853333333331952,-0.09462937572986528,TREND,61.30378558526511,8.0
SOLUSDT,long,1767373200000,1767373200000,1767402000000,130.826,128.997,134.484,132.457,132.456,8.200000000000001,1072.7732,TIME,13.374200000000004,0.86623816,0.0082,0.10842204000000003,12.391339800000003,0.8916133333333336,0.8260893200000001,TREND,28.97802320010235,8.0
BTCUSDT,long,1767578400000,1767578400000,1767585600000,92916.2,92307.9,94132.8,92307.9,92307.79999999999,0.0246,2285.73852,SL,-14.964180000000072,1.8196108319999997,0.0024600000000000004,0.0,-16.78625083200007,-0.9976120000000048,-1.1190833888000047,TREND,37.676830183253834,2.0
ETHUSDT,long,1767578400000,1767578400000,1767585600000,3196.62,3168.31,3253.24,3168.31,3168.2999999999997,0.52,1662.2424,SL,-14.721199999999973,1.32095808,0.005200000000000001,0.0,-16.04735807999997,-0.9814133333333316,-1.069823871999998,TREND,27.78920073555413,2.0
SOLUSDT,long,1767578400000,1767578400000,1767585600000,136.688,135.106,139.852,135.106,135.105,9.4,1284.8672,SL,-14.87079999999994,1.0189656399999998,0.0094,0.0,-15.89916563999994,-0.9913866666666628,-1.059944375999996,TREND,26.146075198945503,2.0
ETHUSDT,long,1767711600000,1767711600000,1767715200000,3276.8,3240.49,3349.42,3240.49,3240.4799999999996,0.41000000000000003,1343.4880000000003,SL,-14.887100000000165,1.06585568,0.0041,0.05700397075000001,-16.014059650750166,-0.9924733333333443,-1.0676039767166778,TREND,30.985637011254173,1.0
BTCUSDT,long,1768338000000,1768338000000,1768341600000,94340.7,93477.0,96068.1,96068.1,96068.0,0.0173,1632.09411,TP,29.88402000000015,1.323604662,0.00173,0.0,28.55868533800015,1.99226800000001,1.9039123558666766,TREND,37.06898011990877,1.0
SOLUSDT,long,1768345200000,1768345200000,1768348800000,146.872,144.351,151.914,144.351,144.35,5.9,866.5448000000001,SL,-14.87390000000009,0.68430796,0.005900000000000001,0.08581845,-15.64992641000009,-0.9915933333333393,-1.0433284273333394,TREND,33.811281228814366,1.0
BTCUSDT,long,1768345200000,1768345200000,1768370400000,95722.5,94654.1,97859.3,94654.1,94654.0,0.014,1340.115,SL,-14.95759999999992,1.0631165999999999,0.0014000000000000002,0.001722524874,-16.02383912487392,-0.9971733333333279,-1.0682559416582613,TREND,42.26211237823793,7.0
ETHUSDT,long,1768345200000,1768345200000,1768374000000,3329.95,3278.73,3432.39,3333.81,3333.7999999999997,0.29,965.6854999999999,TIME,1.1194000000000368,0.7732182999999999,0.0029,0.09640325,0.2468784500000369,0.07462666666666912,0.016458563333335792,TREND,42.24321213268504,8.0
BTCUSDT,long,1769608800000,1769608800000,1769608800000,90211.6,89482.5,91669.8,89482.5,89482.4,0.0205,1849.3378000000002,SL_FILL_BAR,-14.94655000000012,1.47050108,0.00205,0.0,-16.41910108000012,-0.9964366666666746,-1.0946067386666747,TREND,25.404871815370594,0.0
BTCUSDT,long,1771059600000,1771059600000,1771088400000,69708.3,69054.6,71015.7,69729.8,69729.7,0.0229,1596.32007,TIME,0.49235,1.2773500919999998,0.00229,-0.049423231129999995,-0.7378668608699998,0.032823333333333336,-0.04919112405799998,TREND,40.398840586738466,8.0
ETHUSDT,long,1771059600000,1771059600000,1771088400000,2080.76,2056.21,2129.86,2081.41,2081.3999999999996,0.61,1269.2636,TIME,0.3964999999997781,1.0156451199999998,0.0061,-0.02444747203,-0.6007976479702218,0.02643333333331854,-0.04005317653134812,TREND,32.905432673437915,8.0
SOLUSDT,long,1771059600000,1771059600000,1771088400000,86.124,84.839,88.694,88.054,88.053,11.600000000000001,999.0384,TIME,22.388000000000083,0.8126565600000001,0.011600000000000001,-0.056942901048000004,21.62068634104808,1.4925333333333388,1.4413790894032055,TREND,40.13859093926694,8.0
SOLUSDT,long,1771088400000,1771088400000,1771117200000,88.054,86.714,90.734,88.12,88.119,11.100000000000001,977.3994000000001,TIME,0.7326000000000279,0.78235242,0.011100000000000002,-0.17434930617000002,0.11349688617002787,0.04884000000000186,0.007566459078001858,TREND,47.228754317640096,8.0
ETHUSDT,long,1772024400000,1772024400000,1772031600000,1952.6,1921.04,2015.72,2015.72,2015.71,0.47000000000000003,917.722,TP,29.666400000000056,0.7519746199999999,0.0047,0.0,28.909725380000058,1.9777600000000037,1.927315025333337,TREND,26.9391649502567,2.0
SOLUSDT,long,1772031600000,1772031600000,1772038800000,85.59,84.024,88.722,88.722,88.72099999999999,9.5,813.105,TP,29.753999999999913,0.6683306999999999,0.0095,0.050942268,29.025227031999915,1.9835999999999943,1.935015135466661,TREND,39.74896251495842,2.0
ETHUSDT,long,1772038800000,1772038800000,1772053200000,2045.22,2007.8,2120.06,2120.06,2120.0499999999997,0.4,818.0880000000001,TP,29.935999999999968,0.6724296,0.004,0.0,29.259570399999966,1.9957333333333311,1.9506380266666643,TREND,35.07389056735307,4.0
SOLUSDT,long,1772042400000,1772042400000,1772053200000,88.519,86.795,91.967,91.967,91.966,8.700000000000001,770.1153000000002,TP,29.997599999999945,0.63408558,0.008700000000000001,0.0,29.354814419999943,1.9998399999999963,1.9569876279999963,TREND,46.36343490623808,3.0
ETHUSDT,long,1772056800000,1772056800000,1772060400000,2099.23,2055.08,2187.53,2055.08,2055.0699999999997,0.33,692.7459,SL,-14.56950000000003,0.54545304,0.0033000000000000004,0.0,-15.11825304000003,-0.9713000000000019,-1.007883536000002,TREND,47.122287319585155,1.0
BTCUSDT,long,1772038800000,1772038800000,1772067600000,68254.8,67301.6,70161.2,68291.6,68291.5,0.015700000000000002,1071.6003600000001,TIME,0.5777600000000458,0.857626002,0.0015700000000000002,-0.021316406655600004,-0.26011959534435425,0.03851733333333639,-0.017341306356290283,TREND,25.713526560362055,8.0
ETHUSDT,long,1772334000000,1772334000000,1772352000000,2031.73,1985.36,2124.47,1985.36,1985.35,0.32,650.1536,SL,-14.838400000000037,0.51121792,0.0032,0.032011396415999996,-15.384829316416036,-0.9892266666666691,-1.0256552877610692,TREND,34.68627445248327,5.0
ETHUSDT,long,1772654400000,1772654400000,1772661600000,2176.2,2126.76,2275.08,2126.76,2126.75,0.3,652.8599999999999,SL,-14.83199999999988,0.5133869999999999,0.003,0.0,-15.34838699999988,-0.988799999999992,-1.023225799999992,TREND,32.52975783035226,2.0
SOLUSDT,long,1773086400000,1773086400000,1773115200000,85.92,84.232,89.296,85.512,85.511,8.8,756.0960000000001,TIME,-3.5904000000000114,0.60271728,0.0088,0.022763172256,-4.2246804522560115,-0.23936000000000077,-0.2816453634837341,TREND,27.841880956078782,8.0
ETHUSDT,long,1773363600000,1773363600000,1773392400000,2118.16,2079.45,2195.58,2099.21,2099.2,0.38,804.9008,TIME,-7.200999999999931,0.6395977599999999,0.0038,-0.00050244075,-7.843895319249931,-0.4800666666666621,-0.522926354616662,TREND,33.05146824270981,8.0
ETHUSDT,long,1773410400000,1773410400000,1773410400000,2184.35,2146.69,2259.67,2146.69,2146.68,0.39,851.8965,SL_FILL_BAR,-14.687399999999943,0.6727024199999999,0.0039000000000000003,0.0,-15.364002419999943,-0.9791599999999963,-1.0242668279999962,TREND,43.71808544535122,0.0
BTCUSDT,long,1773406800000,1773406800000,1773414000000,72730.5,71872.6,74446.3,71872.6,71872.5,0.017400000000000002,1265.5107000000003,SL,-14.9274599999999,1.0034510400000003,0.0017400000000000002,0.0,-15.9326510399999,-0.9951639999999934,-1.0621767359999934,TREND,28.382938921226497,2.0
ETHUSDT,long,1773615600000,1773615600000,1773630000000,2183.57,2155.22,2240.27,2240.27,2240.2599999999998,0.52,1135.4564,TP,29.483999999999906,0.9260523999999999,0.005200000000000001,0.086168667156,28.46657893284391,1.9655999999999938,1.8977719288562607,TREND,31.28497406628784,4.0
BTCUSDT,long,1773633600000,1773644400000,1773673200000,73526.9,72654.0,75272.7,73515.1,73515.0,0.0171,1257.30999,TIME,-0.20177999999980092,1.0057258980000001,0.0017100000000000001,0.0896260522113,-1.298841950211101,-0.013451999999986728,-0.08658946334740673,TREND,39.34364569781601,8.0
BTCUSDT,long,1773709200000,1773709200000,1773716400000,75280.0,74304.1,77231.8,74304.1,74304.0,0.015300000000000001,1151.784,SL,-14.931269999999913,0.91246752,0.0015300000000000001,0.0,-15.845267519999913,-0.9954179999999941,-1.0563511679999942,TREND,38.706391154349035,2.0
BTCUSDT,long,1775026800000,1775026800000,1775048400000,69064.9,68187.7,70819.3,68187.7,68187.59999999999,0.017,1174.1033,SL,-14.912399999999952,0.93033418,0.0017000000000000001,-0.005380131848,-15.83905404815195,-0.9941599999999968,-1.0559369365434634,TREND,29.922817593074807,6.0
ETHUSDT,long,1775026800000,1775026800000,1775048400000,2149.85,2114.64,2220.27,2114.64,2114.6299999999997,0.42,902.9369999999999,SL,-14.788200000000014,0.7134741599999999,0.0042,0.0427747509,-15.548648910900015,-0.985880000000001,-1.036576594060001,TREND,31.63934905835125,6.0
BTCUSDT,long,1775469600000,1775469600000,1775498400000,69689.4,69069.6,70929.0,69525.1,69525.0,0.024200000000000003,1686.48348,TIME,-3.976059999999719,1.3467996960000002,0.0024200000000000003,0.007157410246800001,-5.33243710624652,-0.2650706666666479,-0.3554958070831013,TREND,47.03007079433002,8.0
ETHUSDT,long,1775469600000,1775469600000,1775494800000,2149.89,2123.72,2202.23,2123.72,2123.7099999999996,0.5700000000000001,1225.4373,SL,-14.916900000000043,0.9713962799999999,0.005700000000000001,0.025069811421000003,-15.919066091421042,-0.9944600000000029,-1.0612710727614028,TREND,44.18972926471322,7.0
SOLUSDT,long,1775602800000,1775602800000,1775631600000,85.226,83.772,88.134,84.517,84.51599999999999,10.3,877.8278,TIME,-7.3027000000000335,0.6978744399999999,0.0103,0.08807015,-8.098944590000034,-0.4868466666666689,-0.5399296393333356,TREND,30.348004780873886,8.0
ETHUSDT,long,1775934000000,1775937600000,1775948400000,2304.1,2279.49,2353.32,2279.49,2279.4799999999996,0.6,1382.4599999999998,SL,-14.766000000000076,1.0971047999999997,0.006,0.0,-15.869104800000077,-0.984400000000005,-1.057940320000005,TREND,37.79276598550284,3.0
BTCUSDT,long,1776110400000,1776110400000,1776121200000,73270.1,72491.5,74827.3,74827.3,74827.2,0.019200000000000002,1406.7859200000003,TP,29.898239999999948,1.143366528,0.0019200000000000003,0.0,28.752953471999948,1.9932159999999965,1.9168635647999965,TREND,34.6054288786999,3.0
ETHUSDT,long,1776121200000,1776121200000,1776150000000,2351.53,2312.22,2430.15,2371.14,2371.1299999999997,0.38,893.5814,TIME,7.451799999999876,0.71933392,0.0038,0.08996348000000001,6.638702599999876,0.4967866666666584,0.44258017333332506,TREND,29.35061168350358,8.0
SOLUSDT,long,1776175200000,1776175200000,1776175200000,87.248,86.185,89.374,86.185,86.184,14.100000000000001,1230.1968000000002,SL_FILL_BAR,-14.988300000000034,0.975156,0.014100000000000001,0.0,-15.977556000000035,-0.9992200000000023,-1.0651704000000024,TREND,39.55320731629013,0.0
BTCUSDT,long,1776175200000,1776175200000,1776178800000,75457.1,74753.9,76863.5,74753.9,74753.79999999999,0.0213,1607.23623,SL,-14.978160000000248,1.27680081,0.00213,0.0,-16.25709081000025,-0.9985440000000165,-1.0838060540000167,TREND,49.54876095834695,1.0
BTCUSDT,long,1776438000000,1776438000000,1776466800000,77816.5,76892.1,79665.3,77244.9,77244.79999999999,0.0162,1260.6272999999999,TIME,-9.259920000000093,1.0029449159999997,0.00162,-0.1358171689806,-10.128667747019495,-0.6173280000000062,-0.6752445164679663,TREND,25.21596319011031,8.0
SOLUSDT,long,1776866400000,1776866400000,1776870000000,89.066,88.031,91.136,88.031,88.03,14.4,1282.5504,SL,-14.903999999999952,1.01708928,0.014400000000000001,0.0,-15.935489279999953,-0.9935999999999968,-1.0623659519999968,TREND,33.64571762887291,1.0
ETHUSDT,long,1776866400000,1776866400000,1776873600000,2415.88,2387.84,2471.96,2387.84,2387.83,0.53,1280.4164,SL,-14.86119999999998,1.01541322,0.0053,0.09928652238300001,-15.98119974238298,-0.9907466666666653,-1.0654133161588653,TREND,33.27451351998357,2.0
BTCUSDT,long,1776866400000,1776866400000,1776895200000,78780.0,78046.8,80246.4,78710.8,78710.7,0.0204,1607.112,TIME,-1.4116799999999408,1.284841368,0.00204,-0.012104743593600004,-2.6864566244063406,-0.09411199999999605,-0.17909710829375605,TREND,33.630791439675605,8.0
BTCUSDT,long,1777251600000,1777251600000,1777266000000,79279.4,78633.1,80572.0,78633.1,78633.0,0.023200000000000002,1839.28208,SL,-14.99415999999973,1.462427776,0.0023200000000000004,0.0,-16.45890777599973,-0.9996106666666488,-1.097260518399982,TREND,31.17483584598785,4.0
BTCUSDT,long,1777860000000,1777860000000,1777888800000,79745.4,79144.5,80947.2,79793.7,79793.59999999999,0.024900000000000002,1985.66046,TIME,1.2026700000000725,1.5892484759999999,0.0024900000000000005,-0.0031341017460000003,-0.38593437425392735,0.08017800000000483,-0.025728958283595157,TREND,39.40469193988275,8.0
ETHUSDT,long,1777863600000,1777863600000,1777888800000,2373.64,2347.26,2426.4,2347.26,2347.25,0.56,1329.2384,SL,-14.772799999999808,1.05452368,0.005600000000000001,0.11438495129600001,-15.947308631295806,-0.9848533333333206,-1.0631539087530537,TREND,40.59101894551205,7.0
SOLUSDT,long,1778058000000,1778058000000,1778072400000,88.989,88.04,90.887,88.04,88.039,15.8,1406.0262000000002,SL,-14.99419999999997,1.11581496,0.0158,0.0,-16.12581495999997,-0.9996133333333314,-1.0750543306666647,TREND,38.3512669766792,4.0
BTCUSDT,long,1778065200000,1778065200000,1778072400000,82235.1,81578.4,83548.5,81578.4,81578.29999999999,0.0228,1874.9602800000002,SL,-14.972760000000266,1.4909831999999996,0.0022800000000000003,0.0,-16.466023200000265,-0.9981840000000177,-1.0977348800000177,TREND,26.579408285496815,2.0
SOLUSDT,long,1778292000000,1778292000000,1778320800000,93.444,92.27,95.792,93.231,93.22999999999999,12.700000000000001,1186.7388,TIME,-2.705100000000103,0.94776036,0.012700000000000001,0.051540117011,-3.7171004770111034,-0.18034000000000686,-0.24780669846740688,TREND,33.547319033678285,8.0
BTCUSDT,long,1778454000000,1778457600000,1778457600000,81999.9,81399.4,83200.9,81399.4,81399.29999999999,0.024900000000000002,2041.79751,SL_FILL_BAR,-14.95245,1.624465044,0.0024900000000000005,0.0,-16.579405044,-0.99683,-1.1052936696000002,TREND,33.5158158063158,0.0
ETHUSDT,long,1780873200000,1780873200000,1780902000000,1671.85,1637.24,1741.07,1665.84,1665.83,0.43,718.8955,TIME,-2.5842999999999963,0.5735632399999999,0.0043,-0.05983666289999999,-3.1023265770999964,-0.17228666666666642,-0.20682177180666642,TREND,25.398753590690397,8.0
SOLUSDT,long,1781200800000,1781200800000,1781229600000,67.13,65.872,69.646,66.649,66.648,11.9,798.847,TIME,-5.723899999999936,0.6356361199999999,0.0119,-0.07216535659200002,-6.299270763407935,-0.38159333333332907,-0.4199513842271957,TREND,26.714918265570596,8.0
SOLUSDT,long,1781388000000,1781388000000,1781409600000,69.219,68.411,70.835,68.411,68.41,18.5,1280.5514999999998,SL,-14.947999999999865,1.0154613,0.0185,-0.15467059032500002,-15.827290709674864,-0.9965333333333244,-1.0551527139783243,TREND,39.46731592121762,6.0
BTCUSDT,long,1781474400000,1781474400000,1781503200000,65282.3,64776.2,66294.5,65825.1,65825.0,0.0296,1932.3560800000002,TIME,16.066880000000086,1.555523216,0.0029600000000000004,0.054609649286400004,14.453787134713686,1.071125333333339,0.9635858089809124,TREND,28.378192557610145,8.0
SOLUSDT,long,1781474400000,1781474400000,1781503200000,70.122,69.193,71.98,71.164,71.163,16.1,1128.9642000000001,TIME,16.776200000000028,0.91322742,0.016100000000000003,-0.041250036044,15.888122616044027,1.1184133333333353,1.0592081744029351,TREND,28.05632276944133,8.0
ETHUSDT,long,1781521200000,1781521200000,1781524800000,1736.87,1719.01,1772.59,1772.59,1772.58,0.8300000000000001,1441.6021,TP,29.647600000000025,1.17106526,0.0083,0.0,28.468234740000028,1.9765066666666684,1.8978823160000018,TREND,41.414062812956956,1.0
SOLUSDT,long,1781521200000,1781521200000,1781528400000,71.84,70.892,73.736,73.736,73.735,15.8,1135.0720000000001,TP,29.956800000000015,0.9260222000000001,0.0158,0.0,29.01497780000002,1.9971200000000011,1.9343318533333345,TREND,41.77983009316718,2.0
SOLUSDT,long,1781532000000,1781532000000,1781539200000,73.595,72.489,75.807,75.807,75.806,13.5,993.5325,TP,29.862000000000045,0.8127350999999999,0.0135,-0.04612142106000001,29.081886321060043,1.990800000000003,1.9387924214040029,TREND,45.5453318611103,2.0
BTCUSDT,long,1781524800000,1781524800000,1781553600000,66197.0,65646.8,67297.4,66581.2,66581.09999999999,0.027200000000000002,1800.5584000000001,TIME,10.450239999999921,1.4467152319999999,0.00272,-0.111189627304,9.11199439530392,0.6966826666666613,0.6074662930202613,TREND,43.36862022453651,8.0
ETHUSDT,long,1781532000000,1781532000000,1781560800000,1813.39,1788.34,1863.49,1810.52,1810.51,0.59,1069.9001,TIME,-1.6933000000000697,0.85490056,0.0059,0.074732901768,-2.6288334617680698,-0.11288666666667131,-0.17525556411787133,TREND,48.39263683766502,8.0
SOLUSDT,long,1781542800000,1781542800000,1781560800000,75.427,74.2,77.881,74.2,74.199,12.200000000000001,920.2094000000002,SL,-14.969400000000048,0.72717856,0.0122,0.0,-15.708778560000049,-0.9979600000000032,-1.0472519040000032,TREND,51.16443635229809,5.0
SOLUSDT,long,1781996400000,1781996400000,1782025200000,73.528,72.406,75.772,73.209,73.208,13.3,977.9224000000002,TIME,-4.242700000000035,0.7797843200000001,0.013300000000000001,0.04319832924400001,-5.078982649244035,-0.28284666666666897,-0.3385988432829357,TREND,34.06263609600511,8.0
ETHUSDT,long,1782756000000,1782756000000,1782777600000,1627.29,1598.7,1684.47,1598.7,1598.69,0.52,846.1908,SL,-14.866799999999959,0.66802944,0.005200000000000001,0.03764421388,-15.577673653879959,-0.9911199999999972,-1.0385115769253306,TREND,28.419838578953765,6.0
SOLUSDT,long,1782986400000,1782986400000,1782990000000,79.429,78.043,82.201,82.201,82.19999999999999,10.8,857.8332,TP,29.937599999999907,0.7042226399999999,0.0108,0.0,29.222577359999907,1.9958399999999938,1.9481718239999937,TREND,27.005745007297698,1.0
SOLUSDT,long,1782993600000,1782993600000,1782997200000,82.333,80.727,85.545,80.727,80.726,9.3,765.6969,SL,-14.93579999999995,0.6035904599999999,0.009300000000000001,0.0,-15.54869045999995,-0.9957199999999967,-1.0365793639999967,TREND,32.0580393611389,1.0
ETHUSDT,long,1782997200000,1782997200000,1783000800000,1661.78,1638.78,1707.78,1710.0,1709.99,0.65,1080.157,TP_GAP,31.343000000000018,0.8829275,0.006500000000000001,0.0,30.453572500000018,2.0895333333333346,2.030238166666668,TREND,27.606652499173475,1.0
BTCUSDT,long,1782997200000,1782997200000,1783026000000,61502.2,60765.0,62976.6,61554.7,61554.6,0.020300000000000002,1248.49466,TIME,1.0657500000000002,0.9994339600000001,0.00203,0.06576628634170001,-0.0014802463416998812,0.07105000000000002,-9.868308944665874e-05,TREND,31.37714198348749,8.0
ETHUSDT,long,1783076400000,1783076400000,1783105200000,1741.52,1718.51,1787.54,1737.96,1737.95,0.65,1131.988,TIME,-2.3139999999999645,0.9041980999999999,0.006500000000000001,0.05894594628000001,-3.2836440462799645,-0.1542666666666643,-0.21890960308533097,TREND,56.53686060950363,8.0
BTCUSDT,long,1783112400000,1783112400000,1783141200000,62736.5,62195.2,63819.1,62654.2,62654.1,0.027700000000000002,1737.8010500000003,TIME,-2.279710000000081,1.3888713520000002,0.0027700000000000003,0.17326460800000004,-3.8446159600000813,-0.15198066666667207,-0.25630773066667206,TREND,34.151972594329585,8.0
ETHUSDT,long,1783112400000,1783112400000,1783141200000,1765.42,1742.49,1811.28,1761.12,1761.11,0.65,1147.5230000000001,TIME,-2.7950000000001185,0.9163374999999999,0.006500000000000001,0.11134540897999999,-3.8291829089801186,-0.18633333333334123,-0.25527886059867455,TREND,58.23005734129018,8.0
ETHUSDT,long,1783188000000,1783188000000,1783206000000,1798.92,1779.11,1838.54,1779.11,1779.1,0.75,1349.19,SL,-14.85750000000013,1.070433,0.0075,0.0,-15.93543300000013,-0.9905000000000086,-1.0623622000000086,TREND,58.33675042888942,5.0
BTCUSDT,long,1783648800000,1783648800000,1783677600000,63729.9,63116.9,64955.9,64340.5,64340.4,0.0244,1555.0095600000002,TIME,14.898639999999965,1.252945368,0.0024400000000000003,0.11308091542680002,13.530173716573165,0.9932426666666643,0.9020115811048777,TREND,26.6331717733078,8.0
ETHUSDT,long,1783681200000,1783681200000,1783692000000,1796.0,1777.48,1833.04,1777.48,1777.47,0.8,1436.8000000000002,SL,-14.815999999999987,1.1405456,0.008,0.0,-15.964545599999985,-0.9877333333333325,-1.064303039999999,TREND,27.548120969535837,3.0
ETHUSDT,long,1784120400000,1784120400000,1784149200000,1926.32,1902.88,1973.2,1922.56,1922.55,0.63,1213.5816,TIME,-2.3687999999999945,0.96944022,0.0063,0.077851872,-3.4223920919999946,-0.15791999999999964,-0.22815947279999965,TREND,40.123242559718605,8.0
BTCUSDT,long,1784638800000,1784638800000,1784667600000,66515.7,66008.5,67530.1,66371.4,66371.29999999999,0.029500000000000002,1962.21315,TIME,-4.256850000000086,1.56721464,0.0029500000000000004,-0.23197836530000002,-5.595036274700087,-0.28379000000000576,-0.37300241831333913,TREND,40.561550098262884,8.0
SOLUSDT,long,1786201200000,1786201200000,1786226400000,76.457,75.851,77.669,75.851,75.85,24.700000000000003,1888.4879,SL,-14.968199999999866,1.5017945799999999,0.024700000000000003,0.1093747122,-16.604069292199867,-0.9978799999999911,-1.1069379528133245,TREND,44.66533838446473,7.0
ETHUSDT,long,1787144400000,1787144400000,1787148000000,1935.97,1923.52,1960.87,1960.87,1960.86,1.2,2323.1639999999998,TP,29.879999999999836,1.8764519999999996,0.012,0.0,27.991547999999835,1.9919999999999891,1.866103199999989,TREND,33.65617643548826,1.0
SOLUSDT,long,1787144400000,1787144400000,1787148000000,78.363,77.725,79.639,79.639,79.63799999999999,23.5,1841.5305,TP,29.985999999999912,1.4912018999999999,0.0235,0.0,28.471298099999913,1.9990666666666608,1.8980865399999942,TREND,32.18204021132242,1.0
ETHUSDT,long,1787151600000,1787151600000,1787155200000,1969.8,1952.55,2004.3,2085.31,2085.2999999999997,0.86,1694.028,TP_GAP,99.33859999999999,1.4148204,0.0086,0.035867332,97.87931226799999,6.6225733333333325,6.525287484533333,TREND,39.32749272603109,1.0
SOLUSDT,long,1787151600000,1787151600000,1787169600000,80.848,79.959,82.626,82.626,82.625,16.8,1358.2464,TP,29.8704000000001,1.10450928,0.016800000000000002,-0.015117379200000001,28.7642080992001,1.9913600000000067,1.9176138732800068,TREND,38.12202570848343,5.0
SOLUSDT,long,1787821200000,1787821200000,1787846400000,104.63,102.481,108.928,108.928,108.92699999999999,6.9,721.947,TP,29.656200000000013,0.59534718,0.006900000000000001,0.048772884600000004,29.005179935400008,1.9770800000000008,1.9336786623600006,TREND,36.637772787701756,7.0
ETHUSDT,long,1788109200000,1788109200000,1788109200000,2528.74,2509.32,2567.58,2509.32,2509.31,0.77,1947.1298,SL_FILL_BAR,-14.953399999999705,1.54872718,0.0077,0.0,-16.509827179999704,-0.9968933333333136,-1.1006551453333135,TREND,30.928152989059996,0.0
BTCUSDT,long,1788465600000,1788465600000,1788483600000,81711.7,80844.9,83445.3,80844.9,80844.79999999999,0.0173,1413.61241,SL,-14.99564000000005,1.1218915059999996,0.00173,0.0112419552,-16.130503461200046,-0.9997093333333367,-1.0753668974133364,TREND,33.5860715237032,5.0
ETHUSDT,long,1788660000000,1788660000000,1788678000000,2504.25,2487.56,2537.63,2487.56,2487.5499999999997,0.89,2228.7825000000003,SL,-14.854100000000049,1.7741082,0.0089,0.0,-16.63710820000005,-0.9902733333333366,-1.10914054666667,TREND,26.169594627903102,5.0
SOLUSDT,long,1788667200000,1788667200000,1788678000000,105.922,104.719,108.328,104.719,104.71799999999999,12.4,1313.4328,SL,-14.917200000000037,1.04178848,0.012400000000000001,0.0,-15.971388480000035,-0.9944800000000025,-1.0647592320000023,TREND,29.012791623239796,3.0
BTCUSDT,long,1789405200000,1789405200000,1789426800000,78726.6,78093.8,79992.2,78093.8,78093.7,0.023700000000000002,1865.8204200000002,SL,-14.99736000000007,1.483656498,0.0023700000000000006,0.0,-16.48338649800007,-0.9998240000000046,-1.0988924332000045,TREND,25.546784060460816,6.0
SOLUSDT,long,1789696800000,1789696800000,1789700400000,102.442,101.147,105.032,105.032,105.03099999999999,11.5,1178.0829999999999,TP,29.78500000000004,0.9603304999999999,0.0115,0.0,28.813169500000036,1.9856666666666694,1.920877966666669,TREND,27.58713500046811,1.0
SOLUSDT,long,1789704000000,1789704000000,1789732800000,104.558,103.097,107.48,105.689,105.68799999999999,10.200000000000001,1066.4916000000003,TIME,11.536199999999859,0.86010888,0.0102,0.10785786000000001,10.55803325999986,0.7690799999999905,0.7038688839999907,TREND,30.18223732179047,8.0
ETHUSDT,long,1789725600000,1789725600000,1789736400000,2506.87,2481.72,2557.17,2557.17,2557.16,0.59,1479.0532999999998,TP,29.677000000000106,1.2010452999999999,0.0059,0.0,28.470054700000105,1.9784666666666737,1.8980036466666736,TREND,33.60340917711787,3.0
SOLUSDT,long,1789740000000,1789740000000,1789747200000,108.512,106.83,111.876,111.876,111.875,8.9,965.7568,TP,29.93960000000004,0.7905638599999999,0.0089,0.09890125000000001,29.04123489000004,1.995973333333336,1.9360823260000026,TREND,44.8998006590514,2.0
ETHUSDT,long,1789740000000,1789740000000,1789754400000,2553.9,2522.04,2617.62,2617.62,2617.6099999999997,0.47000000000000003,1200.333,TP,29.948399999999907,0.9782326199999999,0.0047,0.11046678370000002,28.855000596299906,1.996559999999994,1.9236667064199937,TREND,39.00624669753368,4.0
BTCUSDT,long,1789740000000,1789740000000,1789768800000,80032.2,79238.3,81620.0,81199.8,81199.7,0.0188,1504.60536,TIME,21.95088000000011,1.216853688,0.0018800000000000002,0.02882243228,20.703323879720113,1.4633920000000074,1.3802215919813408,TREND,32.78173629124595,8.0
ETHUSDT,long,1789758000000,1789758000000,1789786800000,2611.6,2575.62,2683.56,2622.52,2622.5099999999998,0.41000000000000003,1070.756,TIME,4.47720000000003,0.8592886599999999,0.0041,0.063150414,3.55066092600003,0.298480000000002,0.236710728400002,TREND,49.953899674742914,8.0
ETHUSDT,long,1789952400000,1789952400000,1789952400000,2688.02,2654.18,2755.7,2654.18,2654.1699999999996,0.44,1182.7288,SL_FILL_BAR,-14.889600000000064,0.9372466399999999,0.0044,0.0,-15.831246640000064,-0.9926400000000043,-1.055416442666671,TREND,31.086111549620473,0.0
SOLUSDT,long,1789952400000,1789952400000,1789956000000,112.275,110.657,115.511,110.657,110.65599999999999,9.200000000000001,1032.93,SL,-14.885600000000087,0.81740712,0.009200000000000002,0.0,-15.712207120000087,-0.9923733333333391,-1.0474804746666726,TREND,25.265634334468498,1.0
SOLUSDT,long,1790334000000,1790334000000,1790359200000,119.173,117.488,122.543,122.543,122.542,8.9,1060.6397,TP,29.99300000000004,0.86650222,0.0089,0.10686141,29.01073637000004,1.999533333333336,1.934049091333336,TREND,28.164806536329095,7.0
