position_id,trader_id,strategy_id,instrument_id,account_id,opening_order_id,closing_order_id,entry,side,quantity,peak_qty,ts_init,ts_opened,ts_last,ts_closed,duration_ns,avg_px_open,avg_px_close,commissions,realized_return,realized_pnl,is_snapshot
BTCUSDT.BITGET-RegimeLongStrategy-001-49e5664d-951e-481f-a47f-5d4f1ce2564b,BACKTESTER-001,RegimeLongStrategy-001,BTCUSDT.BITGET,BITGET-001,O-20240503-200000-001-001-1,O-20240504-030000-001-001-4,BUY,FLAT,0.0000,0.0156,1714766400000000000,2024-05-03 20:00:00+00:00,1714791600000000000,2024-05-04 03:00:00+00:00,25200000000000,62860.8,62679.7,['1.17505908 USDT'],-0.00288,-4.00021908 USDT,True
BTCUSDT.BITGET-RegimeLongStrategy-001-9760fc20-8ad7-4643-a4ea-9ebdea266b19,BACKTESTER-001,RegimeLongStrategy-001,BTCUSDT.BITGET,BITGET-001,O-20240504-100000-001-001-5,O-20240504-100000-001-001-6,BUY,FLAT,0.0000,0.0176,1714816800000000000,2024-05-04 10:00:00+00:00,1714827600000000000,2024-05-04 13:00:00+00:00,10800000000000,64371.9,63522.1,['1.35056064 USDT'],-0.0132,-16.30704064 USDT,True
BTCUSDT.BITGET-RegimeLongStrategy-001-202fa6cb-043f-4dc0-9b3f-2d8a0d0770fc,BACKTESTER-001,RegimeLongStrategy-001,BTCUSDT.BITGET,BITGET-001,O-20240515-120000-001-001-8,O-20240515-120000-001-001-10,BUY,FLAT,0.0000,0.0197,1715774400000000000,2024-05-15 12:00:00+00:00,1715796000000000000,2024-05-15 18:00:00+00:00,21600000000000,63718.899999999994,65240.1,['1.01020339 USDT'],0.02387,28.95743661 USDT,True
BTCUSDT.BITGET-RegimeLongStrategy-001-8f8e448f-88c5-47fb-b47d-6ad44eb43dc8,BACKTESTER-001,RegimeLongStrategy-001,BTCUSDT.BITGET,BITGET-001,O-20240515-180000-001-001-11,O-20240516-010000-001-001-14,BUY,FLAT,0.0000,0.0177,1715796000000000000,2024-05-15 18:00:00+00:00,1715821200000000000,2024-05-16 01:00:00+00:00,25200000000000,65673.90000000001,65949.1,['1.39783626 USDT'],0.00419,3.47320374 USDT,True
ETHUSDT.BITGET-RegimeLongStrategy-001-d75a1fd0-d5dd-4a79-a4ed-cc1148f9b81a,BACKTESTER-001,RegimeLongStrategy-001,ETHUSDT.BITGET,BITGET-001,O-20240521-110000-001-001-15,O-20240521-180000-001-001-18,BUY,FLAT,0.00,0.18,1716289200000000000,2024-05-21 11:00:00+00:00,1716314400000000000,2024-05-21 18:00:00+00:00,25200000000000,3777.36,3733.49,['0.81117180 USDT'],-0.01161,-8.70777180 USDT,True
ETHUSDT.BITGET-RegimeLongStrategy-001-be5be440-1188-46e3-b74b-7c3ea58c805f,BACKTESTER-001,RegimeLongStrategy-001,ETHUSDT.BITGET,BITGET-001,O-20240523-110000-001-001-19,O-20240523-110000-001-001-20,BUY,FLAT,0.00,0.22,1716462000000000000,2024-05-23 11:00:00+00:00,1716465600000000000,2024-05-23 12:00:00+00:00,3600000000000,3919.61,3852.24,['1.02588420 USDT'],-0.01719,-15.84728420 USDT,True
ETHUSDT.BITGET-RegimeLongStrategy-001-8457ee85-9a25-4b8c-877c-d9ac073661f7,BACKTESTER-001,RegimeLongStrategy-001,ETHUSDT.BITGET,BITGET-001,O-20240527-020000-001-001-22,O-20240527-090000-001-001-25,BUY,FLAT,0.00,0.30,1716775200000000000,2024-05-27 02:00:00+00:00,1716800400000000000,2024-05-27 09:00:00+00:00,25200000000000,3915.98,3911.2,['1.40889240 USDT'],-0.00122,-2.84289240 USDT,True
BTCUSDT.BITGET-RegimeLongStrategy-001-613a794a-7d17-4f3c-bf8c-45c9808aa452,BACKTESTER-001,RegimeLongStrategy-001,BTCUSDT.BITGET,BITGET-001,O-20240701-010000-001-001-26,O-20240701-010000-001-001-27,BUY,FLAT,0.0000,0.0286,1719795600000000000,2024-07-01 01:00:00+00:00,1719820800000000000,2024-07-01 08:00:00+00:00,25200000000000,63603.00000000001,63080.3,['2.17388543 USDT'],-0.00822,-17.12310543 USDT,True
SOLUSDT.BITGET-RegimeLongStrategy-001-0c234e1e-d339-43f9-ad65-2ef1c4719d8d,BACKTESTER-001,RegimeLongStrategy-001,SOLUSDT.BITGET,BITGET-001,O-20240702-180000-001-001-29,O-20240703-010000-001-001-32,BUY,FLAT,0.0,5.7,1719943200000000000,2024-07-02 18:00:00+00:00,1719968400000000000,2024-07-03 01:00:00+00:00,25200000000000,152.731,152.163,['1.04273748 USDT'],-0.00372,-4.28033748 USDT,True
BTCUSDT.BITGET-RegimeLongStrategy-001-5fc944f1-ec97-47ea-8e43-8b58aec4f589,BACKTESTER-001,RegimeLongStrategy-001,BTCUSDT.BITGET,BITGET-001,O-20240714-040000-001-001-33,O-20240714-110000-001-001-36,BUY,FLAT,0.0000,0.0242,1720929600000000000,2024-07-14 04:00:00+00:00,1720954800000000000,2024-07-14 11:00:00+00:00,25200000000000,59919.6,60050.0,['1.74195859 USDT'],0.00218,1.41372141 USDT,True
BTCUSDT.BITGET-RegimeLongStrategy-001-cb9e7469-e41c-4400-b7a4-d5e851df7fd5,BACKTESTER-001,RegimeLongStrategy-001,BTCUSDT.BITGET,BITGET-001,O-20240714-210000-001-001-37,O-20240714-210000-001-001-39,BUY,FLAT,0.0000,0.0232,1720990800000000000,2024-07-14 21:00:00+00:00,1721008800000000000,2024-07-15 02:00:00+00:00,18000000000000,61226.1,62517.299999999996,['1.14234758 USDT'],0.02109,28.81349242 USDT,True
BTCUSDT.BITGET-RegimeLongStrategy-001-42702930-295d-49a0-933b-7d9100f2001e,BACKTESTER-001,RegimeLongStrategy-001,BTCUSDT.BITGET,BITGET-001,O-20240715-020000-001-001-40,O-20240715-090000-001-001-43,BUY,FLAT,0.0000,0.0187,1721008800000000000,2024-07-15 02:00:00+00:00,1721034000000000000,2024-07-15 09:00:00+00:00,25200000000000,62437.2,62618.899999999994,['1.40312944 USDT'],0.00291,1.99466056 USDT,True
BTCUSDT.BITGET-RegimeLongStrategy-001-8a4f87c0-f940-466a-9af9-cd7c0166997f,BACKTESTER-001,RegimeLongStrategy-001,BTCUSDT.BITGET,BITGET-001,O-20240715-160000-001-001-44,O-20240715-160000-001-001-46,BUY,FLAT,0.0000,0.0207,1721059200000000000,2024-07-15 16:00:00+00:00,1721084400000000000,2024-07-15 23:00:00+00:00,25200000000000,63363.7,64807.9,['1.05528186 USDT'],0.02279,28.83965814 USDT,True
SOLUSDT.BITGET-RegimeLongStrategy-001-f2ded084-8355-4762-a0ba-e98a5d0f4013,BACKTESTER-001,RegimeLongStrategy-001,SOLUSDT.BITGET,BITGET-001,O-20240716-170000-001-001-47,O-20240717-000000-001-001-50,BUY,FLAT,0.0,4.0,1721149200000000000,2024-07-16 17:00:00+00:00,1721174400000000000,2024-07-17 00:00:00+00:00,25200000000000,162.049,161.16,['0.77570160 USDT'],-0.00549,-4.33170160 USDT,True
BTCUSDT.BITGET-RegimeLongStrategy-001-50a6cf83-c423-42ee-8943-7a5401a76fb4,BACKTESTER-001,RegimeLongStrategy-001,BTCUSDT.BITGET,BITGET-001,O-20240719-190000-001-001-51,O-20240719-190000-001-001-52,BUY,FLAT,0.0000,0.0189,1721415600000000000,2024-07-19 19:00:00+00:00,1721433600000000000,2024-07-20 00:00:00+00:00,18000000000000,67156.0,66363.5,['1.51411113 USDT'],-0.0118,-16.49236113 USDT,True
BTCUSDT.BITGET-RegimeLongStrategy-001-29826bb0-cdc8-4c66-9bb5-5bea133c1ab3,BACKTESTER-001,RegimeLongStrategy-001,BTCUSDT.BITGET,BITGET-001,O-20240808-210000-001-001-54,O-20240809-040000-001-001-57,BUY,FLAT,0.0000,0.0124,1723150800000000000,2024-08-08 21:00:00+00:00,1723176000000000000,2024-08-09 04:00:00+00:00,25200000000000,61128.3,60682.0,['0.90626863 USDT'],-0.0073,-6.44038863 USDT,True
BTCUSDT.BITGET-RegimeLongStrategy-001-66d879a8-5e38-4a8b-af5b-30bd79b37ce4,BACKTESTER-001,RegimeLongStrategy-001,BTCUSDT.BITGET,BITGET-001,O-20240823-210000-001-001-58,O-20240824-040000-001-001-61,BUY,FLAT,0.0000,0.0162,1724446800000000000,2024-08-23 21:00:00+00:00,1724472000000000000,2024-08-24 04:00:00+00:00,25200000000000,64334.200000000004,63842.200000000004,['1.24587460 USDT'],-0.00765,-9.21627460 USDT,True
BTCUSDT.BITGET-RegimeLongStrategy-001-4797bb9f-1fea-4da9-a46a-a9c9e9bc083a,BACKTESTER-001,RegimeLongStrategy-001,BTCUSDT.BITGET,BITGET-001,O-20240909-190000-001-001-62,O-20240910-020000-001-001-65,BUY,FLAT,0.0000,0.0203,1725908400000000000,2024-09-09 19:00:00+00:00,1725933600000000000,2024-09-10 02:00:00+00:00,25200000000000,57052.2,56736.1,['1.38594150 USDT'],-0.00554,-7.80277150 USDT,True
BTCUSDT.BITGET-RegimeLongStrategy-001-4f4c365c-6ba1-48e8-9cec-4c7960d94f06,BACKTESTER-001,RegimeLongStrategy-001,BTCUSDT.BITGET,BITGET-001,O-20240913-210000-001-001-66,O-20240914-040000-001-001-69,BUY,FLAT,0.0000,0.0221,1726261200000000000,2024-09-13 21:00:00+00:00,1726286400000000000,2024-09-14 04:00:00+00:00,25200000000000,60224.4,60175.80000000001,['1.59650665 USDT'],-0.00081,-2.67056665 USDT,True
SOLUSDT.BITGET-RegimeLongStrategy-001-65b8f3f1-5a24-4987-a6cf-98fcdda78a26,BACKTESTER-001,RegimeLongStrategy-001,SOLUSDT.BITGET,BITGET-001,O-20240919-020000-001-001-70,O-20240919-090000-001-001-73,BUY,FLAT,0.0,5.8,1726711200000000000,2024-09-19 02:00:00+00:00,1726736400000000000,2024-09-19 09:00:00+00:00,25200000000000,137.16,138.585,['0.95959260 USDT'],0.01039,7.30540740 USDT,True
BTCUSDT.BITGET-RegimeLongStrategy-001-3394fdb3-6914-4aa0-a714-af0c6733e700,BACKTESTER-001,RegimeLongStrategy-001,BTCUSDT.BITGET,BITGET-001,O-20240919-120000-001-001-74,O-20240919-190000-001-001-77,BUY,FLAT,0.0000,0.0197,1726747200000000000,2024-09-19 12:00:00+00:00,1726772400000000000,2024-09-19 19:00:00+00:00,25200000000000,62896.3,63229.299999999996,['1.49080460 USDT'],0.00529,5.06929540 USDT,True
ETHUSDT.BITGET-RegimeLongStrategy-001-640f9054-e07c-4e8d-8def-75303229a4ee,BACKTESTER-001,RegimeLongStrategy-001,ETHUSDT.BITGET,BITGET-001,O-20240920-030000-001-001-78,O-20240920-100000-001-001-81,BUY,FLAT,0.00,0.42,1726801200000000000,2024-09-20 03:00:00+00:00,1726826400000000000,2024-09-20 10:00:00+00:00,25200000000000,2520.0,2554.7,['1.27882440 USDT'],0.01377,13.29517560 USDT,True
BTCUSDT.BITGET-RegimeLongStrategy-001-96cb8250-a54d-4517-8453-f09696bd7a81,BACKTESTER-001,RegimeLongStrategy-001,BTCUSDT.BITGET,BITGET-001,O-20241011-170000-001-001-82,O-20241012-000000-001-001-85,BUY,FLAT,0.0000,0.0245,1728666000000000000,2024-10-11 17:00:00+00:00,1728691200000000000,2024-10-12 00:00:00+00:00,25200000000000,62899.9,62816.700000000004,['1.84803402 USDT'],-0.00132,-3.88643402 USDT,True
ETHUSDT.BITGET-RegimeLongStrategy-001-b51d0224-deff-4a80-8cf2-1fa67166da75,BACKTESTER-001,RegimeLongStrategy-001,ETHUSDT.BITGET,BITGET-001,O-20241014-120000-001-001-86,O-20241014-120000-001-001-88,BUY,FLAT,0.00,0.51,1728907200000000000,2024-10-14 12:00:00+00:00,1728914400000000000,2024-10-14 14:00:00+00:00,7200000000000,2554.28,2612.8,['1.04811528 USDT'],0.02291,28.79708472 USDT,True
BTCUSDT.BITGET-RegimeLongStrategy-001-f7573252-4b32-4836-9d57-7c031cfa857c,BACKTESTER-001,RegimeLongStrategy-001,BTCUSDT.BITGET,BITGET-001,O-20241015-130000-001-001-89,O-20241015-130000-001-001-90,BUY,FLAT,0.0000,0.0199,1728997200000000000,2024-10-15 13:00:00+00:00,1729000800000000000,2024-10-15 14:00:00+00:00,3600000000000,67664.9,66913.1,['1.60686132 USDT'],-0.01111,-16.56768132 USDT,True
SOLUSDT.BITGET-RegimeLongStrategy-001-32b54acc-906f-4678-adbd-9267f31bfd5e,BACKTESTER-001,RegimeLongStrategy-001,SOLUSDT.BITGET,BITGET-001,O-20241021-040000-001-001-92,O-20241021-040000-001-001-93,BUY,FLAT,0.0,5.9,1729483200000000000,2024-10-21 04:00:00+00:00,1729497600000000000,2024-10-21 08:00:00+00:00,14400000000000,170.587,168.081,['1.19888472 USDT'],-0.01469,-15.98428472 USDT,True
BTCUSDT.BITGET-RegimeLongStrategy-001-6c40c6a8-22e5-4e35-a4b0-519fe8e0a10d,BACKTESTER-001,RegimeLongStrategy-001,BTCUSDT.BITGET,BITGET-001,O-20241028-190000-001-001-95,O-20241028-190000-001-001-97,BUY,FLAT,0.0000,0.0248,1730142000000000000,2024-10-28 19:00:00+00:00,1730167200000000000,2024-10-29 02:00:00+00:00,25200000000000,69598.0,70804.6,['1.38680906 USDT'],0.01734,28.53687094 USDT,True
BTCUSDT.BITGET-RegimeLongStrategy-001-44aa0e1f-3589-4075-93f1-9dd33f917f92,BACKTESTER-001,RegimeLongStrategy-001,BTCUSDT.BITGET,BITGET-001,O-20241029-020000-001-001-98,O-20241029-090000-001-001-101,BUY,FLAT,0.0000,0.0210,1730167200000000000,2024-10-29 02:00:00+00:00,1730192400000000000,2024-10-29 09:00:00+00:00,25200000000000,71192.2,71295.1,['1.79533998 USDT'],0.00145,0.36556002 USDT,True
BTCUSDT.BITGET-RegimeLongStrategy-001-1288ec2b-9001-4f5c-a7d7-dac9e9152bce,BACKTESTER-001,RegimeLongStrategy-001,BTCUSDT.BITGET,BITGET-001,O-20241029-130000-001-001-102,O-20241029-130000-001-001-104,BUY,FLAT,0.0000,0.0228,1730206800000000000,2024-10-29 13:00:00+00:00,1730224800000000000,2024-10-29 18:00:00+00:00,18000000000000,71797.90000000001,73110.3,['1.31557824 USDT'],0.01828,28.60714176 USDT,True
BTCUSDT.BITGET-RegimeLongStrategy-001-3ae02eba-f7e8-4703-b178-03b48c61280b,BACKTESTER-001,RegimeLongStrategy-001,BTCUSDT.BITGET,BITGET-001,O-20241029-180000-001-001-105,O-20241029-180000-001-001-106,BUY,FLAT,0.0000,0.0202,1730224800000000000,2024-10-29 18:00:00+00:00,1730232000000000000,2024-10-29 20:00:00+00:00,7200000000000,73169.7,72429.90000000001,['1.76466715 USDT'],-0.01011,-16.70862715 USDT,True
ETHUSDT.BITGET-RegimeLongStrategy-001-553628fa-975f-409a-86fa-e9c7092bc16d,BACKTESTER-001,RegimeLongStrategy-001,ETHUSDT.BITGET,BITGET-001,O-20241030-090000-001-001-108,O-20241030-090000-001-001-109,BUY,FLAT,0.00,0.44,1730278800000000000,2024-10-30 09:00:00+00:00,1730286000000000000,2024-10-30 11:00:00+00:00,7200000000000,2693.41,2659.81,['1.41325008 USDT'],-0.01247,-16.19725008 USDT,True
ETHUSDT.BITGET-RegimeLongStrategy-001-489b51ab-6fe7-49e0-b073-cd4943db7103,BACKTESTER-001,RegimeLongStrategy-001,ETHUSDT.BITGET,BITGET-001,O-20241106-180000-001-001-111,O-20241106-180000-001-001-113,BUY,FLAT,0.00,0.30,1730916000000000000,2024-11-06 18:00:00+00:00,1730941200000000000,2024-11-07 01:00:00+00:00,25200000000000,2678.34,2777.46,['0.64874880 USDT'],0.03701,29.08725120 USDT,True
ETHUSDT.BITGET-RegimeLongStrategy-001-3af400d8-f620-4392-aa70-f4855413e919,BACKTESTER-001,RegimeLongStrategy-001,ETHUSDT.BITGET,BITGET-001,O-20241107-010000-001-001-114,O-20241107-080000-001-001-117,BUY,FLAT,0.00,0.25,1730941200000000000,2024-11-07 01:00:00+00:00,1730966400000000000,2024-11-07 08:00:00+00:00,25200000000000,2815.58,2821.49,['0.84556050 USDT'],0.0021,0.63193950 USDT,True
BTCUSDT.BITGET-RegimeLongStrategy-001-85cd41d7-fbf1-4d12-ae39-45344f4fb8a6,BACKTESTER-001,RegimeLongStrategy-001,BTCUSDT.BITGET,BITGET-001,O-20241107-180000-001-001-118,O-20241107-180000-001-001-119,BUY,FLAT,0.0000,0.0158,1731002400000000000,2024-11-07 18:00:00+00:00,1731016800000000000,2024-11-07 22:00:00+00:00,14400000000000,76609.6,75663.3,['1.44354709 USDT'],-0.01235,-16.39508709 USDT,True
SOLUSDT.BITGET-RegimeLongStrategy-001-d0df9cc1-24a3-4c9d-929e-7e3a8bcfd4d5,BACKTESTER-001,RegimeLongStrategy-001,SOLUSDT.BITGET,BITGET-001,O-20241108-000000-001-001-121,O-20241108-070000-001-001-124,BUY,FLAT,0.0,3.6,1731024000000000000,2024-11-08 00:00:00+00:00,1731049200000000000,2024-11-08 07:00:00+00:00,25200000000000,198.888,200.528,['0.86273856 USDT'],0.00825,5.04126144 USDT,True
SOLUSDT.BITGET-RegimeLongStrategy-001-9fa2a66d-c84b-4e7b-8ac1-bc41e7e32665,BACKTESTER-001,RegimeLongStrategy-001,SOLUSDT.BITGET,BITGET-001,O-20241108-090000-001-001-125,O-20241108-090000-001-001-126,BUY,FLAT,0.0,3.6,1731056400000000000,2024-11-08 09:00:00+00:00,1731081600000000000,2024-11-08 16:00:00+00:00,25200000000000,202.444,198.29,['0.86558544 USDT'],-0.02052,-15.81998544 USDT,True
ETHUSDT.BITGET-RegimeLongStrategy-001-4149887a-20ef-4842-8cc2-28a2e2bff842,BACKTESTER-001,RegimeLongStrategy-001,ETHUSDT.BITGET,BITGET-001,O-20241108-180000-001-001-128,O-20241109-010000-001-001-131,BUY,FLAT,0.00,0.28,1731088800000000000,2024-11-08 18:00:00+00:00,1731114000000000000,2024-11-09 01:00:00+00:00,25200000000000,2959.04,2986.98,['0.99893136 USDT'],0.00944,6.82426864 USDT,True
ETHUSDT.BITGET-RegimeLongStrategy-001-9d66d65f-485f-45cb-afcd-b0f7469e2ce8,BACKTESTER-001,RegimeLongStrategy-001,ETHUSDT.BITGET,BITGET-001,O-20241109-050000-001-001-132,O-20241109-120000-001-001-135,BUY,FLAT,0.00,0.29,1731128400000000000,2024-11-09 05:00:00+00:00,1731153600000000000,2024-11-09 12:00:00+00:00,25200000000000,3040.72,3032.01,['1.05665502 USDT'],-0.00286,-3.58255502 USDT,True
ETHUSDT.BITGET-RegimeLongStrategy-001-7a79b04a-989d-4672-a687-6afbaca7064a,BACKTESTER-001,RegimeLongStrategy-001,ETHUSDT.BITGET,BITGET-001,O-20241109-190000-001-001-136,O-20241109-190000-001-001-138,BUY,FLAT,0.00,0.35,1731178800000000000,2024-11-09 19:00:00+00:00,1731193200000000000,2024-11-09 23:00:00+00:00,14400000000000,3071.28,3155.58,['0.86585940 USDT'],0.02745,28.63914060 USDT,True
BTCUSDT.BITGET-RegimeLongStrategy-001-1429ac02-d241-4845-b5f6-658b779e283d,BACKTESTER-001,RegimeLongStrategy-001,BTCUSDT.BITGET,BITGET-001,O-20241110-040000-001-001-139,O-20241110-110000-001-001-142,BUY,FLAT,0.0000,0.0184,1731211200000000000,2024-11-10 04:00:00+00:00,1731236400000000000,2024-11-10 11:00:00+00:00,25200000000000,79280.2,79926.7,['1.75764418 USDT'],0.00815,10.13795582 USDT,True
ETHUSDT.BITGET-RegimeLongStrategy-001-481a444a-1b57-4099-8120-5cb2a29fc1a7,BACKTESTER-001,RegimeLongStrategy-001,ETHUSDT.BITGET,BITGET-001,O-20241110-110000-001-001-143,O-20241110-110000-001-001-144,BUY,FLAT,0.00,0.32,1731236400000000000,2024-11-10 11:00:00+00:00,1731247200000000000,2024-11-10 14:00:00+00:00,10800000000000,3223.44,3177.05,['1.22889408 USDT'],-0.01439,-16.07369408 USDT,True
BTCUSDT.BITGET-RegimeLongStrategy-001-6866e758-a6be-4696-9c15-74f5b74a3163,BACKTESTER-001,RegimeLongStrategy-001,BTCUSDT.BITGET,BITGET-001,O-20241110-170000-001-001-146,O-20241110-170000-001-001-147,BUY,FLAT,0.0000,0.0171,1731258000000000000,2024-11-10 17:00:00+00:00,1731265200000000000,2024-11-10 19:00:00+00:00,7200000000000,80425.7,79552.6,['1.64137736 USDT'],-0.01086,-16.57138736 USDT,True
BTCUSDT.BITGET-RegimeLongStrategy-001-21728642-340e-488e-a885-1020bdcba8ac,BACKTESTER-001,RegimeLongStrategy-001,BTCUSDT.BITGET,BITGET-001,O-20241111-100000-001-001-149,O-20241111-100000-001-001-151,BUY,FLAT,0.0000,0.0132,1731319200000000000,2024-11-11 10:00:00+00:00,1731337200000000000,2024-11-11 15:00:00+00:00,18000000000000,82010.20000000001,84268.6,['0.87198988 USDT'],0.02754,28.93889012 USDT,True
BTCUSDT.BITGET-RegimeLongStrategy-001-1d62cda7-3fb2-4236-99e9-81147523a6db,BACKTESTER-001,RegimeLongStrategy-001,BTCUSDT.BITGET,BITGET-001,O-20241111-180000-001-001-152,O-20241111-180000-001-001-154,BUY,FLAT,0.0000,0.0109,1731348000000000000,2024-11-11 18:00:00+00:00,1731366000000000000,2024-11-11 23:00:00+00:00,18000000000000,85932.9,88669.1,['0.75529981 USDT'],0.03184,29.06928019 USDT,True
SOLUSDT.BITGET-RegimeLongStrategy-001-042e9a69-92fa-4956-9485-3f301a6cff64,BACKTESTER-001,RegimeLongStrategy-001,SOLUSDT.BITGET,BITGET-001,O-20241118-100000-001-001-155,O-20241118-100000-001-001-156,BUY,FLAT,0.0,2.4,1731924000000000000,2024-11-18 10:00:00+00:00,1731934800000000000,2024-11-18 13:00:00+00:00,10800000000000,247.578,241.367,['0.70408080 USDT'],-0.02509,-15.61048080 USDT,True
BTCUSDT.BITGET-RegimeLongStrategy-001-3168bfd3-de1b-4028-b14b-08333ac57069,BACKTESTER-001,RegimeLongStrategy-001,BTCUSDT.BITGET,BITGET-001,O-20241121-110000-001-001-158,O-20241121-110000-001-001-159,BUY,FLAT,0.0000,0.0128,1732186800000000000,2024-11-21 11:00:00+00:00,1732197600000000000,2024-11-21 14:00:00+00:00,10800000000000,98009.40000000001,96845.6,['1.49648640 USDT'],-0.01187,-16.39312640 USDT,True
SOLUSDT.BITGET-RegimeLongStrategy-001-921d1fa1-3464-4d85-97fc-20fabdd604cc,BACKTESTER-001,RegimeLongStrategy-001,SOLUSDT.BITGET,BITGET-001,O-20241122-030000-001-001-161,O-20241122-100000-001-001-164,BUY,FLAT,0.0,2.1,1732244400000000000,2024-11-22 03:00:00+00:00,1732269600000000000,2024-11-22 10:00:00+00:00,25200000000000,262.712,257.393,['0.65533230 USDT'],-0.02025,-11.82523230 USDT,True
ETHUSDT.BITGET-RegimeLongStrategy-001-00d62c5f-f540-4ddb-a363-7aac7c40f2e1,BACKTESTER-001,RegimeLongStrategy-001,ETHUSDT.BITGET,BITGET-001,O-20241127-180000-001-001-165,O-20241128-010000-001-001-168,BUY,FLAT,0.00,0.23,1732730400000000000,2024-11-27 18:00:00+00:00,1732755600000000000,2024-11-28 01:00:00+00:00,25200000000000,3588.0,3641.04,['0.99760752 USDT'],0.01478,11.20159248 USDT,True
BTCUSDT.BITGET-RegimeLongStrategy-001-717d7b69-b990-4073-b189-205f263a557b,BACKTESTER-001,RegimeLongStrategy-001,BTCUSDT.BITGET,BITGET-001,O-20241216-160000-001-001-169,O-20241216-160000-001-001-170,BUY,FLAT,0.0000,0.0119,1734364800000000000,2024-12-16 16:00:00+00:00,1734390000000000000,2024-12-16 23:00:00+00:00,25200000000000,106778.20000000001,105518.5,['1.51579844 USDT'],-0.0118,-16.50622844 USDT,True
SOLUSDT.BITGET-RegimeLongStrategy-001-3e4aa165-be29-4cda-b398-7eaec886508f,BACKTESTER-001,RegimeLongStrategy-001,SOLUSDT.BITGET,BITGET-001,O-20250115-160000-001-001-172,O-20250115-160000-001-001-174,BUY,FLAT,0.0,4.0,1736956800000000000,2025-01-15 16:00:00+00:00,1736982000000000000,2025-01-15 23:00:00+00:00,25200000000000,198.007,205.433,['0.63956320 USDT'],0.0375,29.06443680 USDT,True
SOLUSDT.BITGET-RegimeLongStrategy-001-a700957b-0494-44d1-b637-28af9f473857,BACKTESTER-001,RegimeLongStrategy-001,SOLUSDT.BITGET,BITGET-001,O-20250116-110000-001-001-175,O-20250116-110000-001-001-176,BUY,FLAT,0.0,3.3,1737025200000000000,2025-01-16 11:00:00+00:00,1737036000000000000,2025-01-16 14:00:00+00:00,10800000000000,212.655,208.154,['0.83320182 USDT'],-0.02117,-15.68650182 USDT,True
SOLUSDT.BITGET-RegimeLongStrategy-001-0a6bf242-cf33-433c-983d-db83ede0ea8c,BACKTESTER-001,RegimeLongStrategy-001,SOLUSDT.BITGET,BITGET-001,O-20250117-100000-001-001-178,O-20250117-170000-001-001-181,BUY,FLAT,0.0,3.5,1737108000000000000,2025-01-17 10:00:00+00:00,1737133200000000000,2025-01-17 17:00:00+00:00,25200000000000,217.304,216.487,['0.91096110 USDT'],-0.00376,-3.77046110 USDT,True
BTCUSDT.BITGET-RegimeLongStrategy-001-bd4c01ef-f0e7-415a-9e5b-80a04e8cbfb3,BACKTESTER-001,RegimeLongStrategy-001,BTCUSDT.BITGET,BITGET-001,O-20250117-190000-001-001-182,O-20250117-190000-001-001-183,BUY,FLAT,0.0000,0.0118,1737140400000000000,2025-01-17 19:00:00+00:00,1737147600000000000,2025-01-17 21:00:00+00:00,7200000000000,105753.2,104487.90000000001,['1.48850699 USDT'],-0.01196,-16.41904699 USDT,True
SOLUSDT.BITGET-RegimeLongStrategy-001-00c26f56-f389-4e30-89aa-598cf401a742,BACKTESTER-001,RegimeLongStrategy-001,SOLUSDT.BITGET,BITGET-001,O-20250118-080000-001-001-185,O-20250118-080000-001-001-187,BUY,FLAT,0.0,1.9,1737187200000000000,2025-01-18 08:00:00+00:00,1737212400000000000,2025-01-18 15:00:00+00:00,25200000000000,238.704,253.936,['0.36861824 USDT'],0.06381,28.57218176 USDT,True
SOLUSDT.BITGET-RegimeLongStrategy-001-de003fce-8cce-4f8e-9ad7-cdc997066a3c,BACKTESTER-001,RegimeLongStrategy-001,SOLUSDT.BITGET,BITGET-001,O-20250119-040000-001-001-188,O-20250119-110000-001-001-191,BUY,FLAT,0.0,1.1,1737259200000000000,2025-01-19 04:00:00+00:00,1737284400000000000,2025-01-19 11:00:00+00:00,25200000000000,273.422,286.069,['0.36926406 USDT'],0.04625,13.54243594 USDT,True
BTCUSDT.BITGET-RegimeLongStrategy-001-bf9feeb5-bbd6-47cc-9aa2-3c67b1cd89bd,BACKTESTER-001,RegimeLongStrategy-001,BTCUSDT.BITGET,BITGET-001,O-20250306-010000-001-001-192,O-20250306-080000-001-001-195,BUY,FLAT,0.0000,0.0088,1741222800000000000,2025-03-06 01:00:00+00:00,1741248000000000000,2025-03-06 08:00:00+00:00,25200000000000,91012.4,91119.2,['0.96165485 USDT'],0.00117,-0.02181485 USDT,True
SOLUSDT.BITGET-RegimeLongStrategy-001-4ad7b995-c63e-46be-8451-3d9bfa957384,BACKTESTER-001,RegimeLongStrategy-001,SOLUSDT.BITGET,BITGET-001,O-20250412-120000-001-001-196,O-20250412-120000-001-001-198,BUY,FLAT,0.0,6.2,1744459200000000000,2025-04-12 12:00:00+00:00,1744466400000000000,2025-04-12 14:00:00+00:00,7200000000000,126.316,131.084,['0.63243968 USDT'],0.03775,28.92916032 USDT,True
BTCUSDT.BITGET-RegimeLongStrategy-001-10d6df89-86b6-461f-bf66-93bb192b0661,BACKTESTER-001,RegimeLongStrategy-001,BTCUSDT.BITGET,BITGET-001,O-20250412-200000-001-001-199,O-20250413-030000-001-001-202,BUY,FLAT,0.0000,0.0163,1744488000000000000,2025-04-12 20:00:00+00:00,1744513200000000000,2025-04-13 03:00:00+00:00,25200000000000,85475.0,85389.1,['1.67105090 USDT'],-0.001,-3.07122090 USDT,True
BTCUSDT.BITGET-RegimeLongStrategy-001-327318c9-2f8b-4d0b-863f-cef73372d79d,BACKTESTER-001,RegimeLongStrategy-001,BTCUSDT.BITGET,BITGET-001,O-20250422-210000-001-001-203,O-20250423-040000-001-001-206,BUY,FLAT,0.0000,0.0124,1745355600000000000,2025-04-22 21:00:00+00:00,1745380800000000000,2025-04-23 04:00:00+00:00,25200000000000,92974.20000000001,93609.6,['1.38818347 USDT'],0.00683,6.49077653 USDT,True
ETHUSDT.BITGET-RegimeLongStrategy-001-393e2a86-1433-4b55-92f8-2b3f8f4ec4ea,BACKTESTER-001,RegimeLongStrategy-001,ETHUSDT.BITGET,BITGET-001,O-20250423-040000-001-001-207,O-20250423-040000-001-001-208,BUY,FLAT,0.00,0.37,1745380800000000000,2025-04-23 04:00:00+00:00,1745391600000000000,2025-04-23 07:00:00+00:00,10800000000000,1816.18,1776.32,['0.79753500 USDT'],-0.02195,-15.54573500 USDT,True
ETHUSDT.BITGET-RegimeLongStrategy-001-a317a64a-e924-462d-ad19-38c6a2f74777,BACKTESTER-001,RegimeLongStrategy-001,ETHUSDT.BITGET,BITGET-001,O-20250508-100000-001-001-210,O-20250508-100000-001-001-212,BUY,FLAT,0.00,0.47,1746698400000000000,2025-05-08 10:00:00+00:00,1746716400000000000,2025-05-08 15:00:00+00:00,18000000000000,1960.18,2023.68,['0.74299668 USDT'],0.03239,29.10200332 USDT,True
ETHUSDT.BITGET-RegimeLongStrategy-001-af33a439-ab78-4a95-834e-258faae9b218,BACKTESTER-001,RegimeLongStrategy-001,ETHUSDT.BITGET,BITGET-001,O-20250508-190000-001-001-213,O-20250508-190000-001-001-215,BUY,FLAT,0.00,0.32,1746730800000000000,2025-05-08 19:00:00+00:00,1746738000000000000,2025-05-08 21:00:00+00:00,7200000000000,2117.07,2210.47,['0.54794752 USDT'],0.04412,29.34005248 USDT,True
SOLUSDT.BITGET-RegimeLongStrategy-001-0bab7dbe-d88f-41ea-a2d0-0ddd71b46533,BACKTESTER-001,RegimeLongStrategy-001,SOLUSDT.BITGET,BITGET-001,O-20250509-100000-001-001-216,O-20250509-100000-001-001-217,BUY,FLAT,0.0,3.6,1746784800000000000,2025-05-09 10:00:00+00:00,1746792000000000000,2025-05-09 12:00:00+00:00,7200000000000,173.949,169.834,['0.74257128 USDT'],-0.02366,-15.55657128 USDT,True
ETHUSDT.BITGET-RegimeLongStrategy-001-4d447917-8dea-4bd1-a6a7-eb8cfb6d6498,BACKTESTER-001,RegimeLongStrategy-001,ETHUSDT.BITGET,BITGET-001,O-20250510-210000-001-001-219,O-20250511-040000-001-001-222,BUY,FLAT,0.00,0.23,1746910800000000000,2025-05-10 21:00:00+00:00,1746936000000000000,2025-05-11 04:00:00+00:00,25200000000000,2532.83,2544.15,['0.70062324 USDT'],0.00447,1.90297676 USDT,True
SOLUSDT.BITGET-RegimeLongStrategy-001-89ad9dfe-54a6-423f-9f95-2b925ebb9150,BACKTESTER-001,RegimeLongStrategy-001,SOLUSDT.BITGET,BITGET-001,O-20250523-080000-001-001-223,O-20250523-080000-001-001-224,BUY,FLAT,0.0,4.3,1747987200000000000,2025-05-23 08:00:00+00:00,1747998000000000000,2025-05-23 11:00:00+00:00,10800000000000,186.14,182.698,['0.95160204 USDT'],-0.01849,-15.75220204 USDT,True
BTCUSDT.BITGET-RegimeLongStrategy-001-c813ee1a-ed14-4898-a02c-ee47842625a3,BACKTESTER-001,RegimeLongStrategy-001,BTCUSDT.BITGET,BITGET-001,O-20250609-210000-001-001-226,O-20250610-040000-001-001-229,BUY,FLAT,0.0000,0.0167,1749502800000000000,2025-06-09 21:00:00+00:00,1749528000000000000,2025-06-10 04:00:00+00:00,25200000000000,109930.8,109490.0,['2.19859642 USDT'],-0.00401,-9.55995642 USDT,True
SOLUSDT.BITGET-RegimeLongStrategy-001-52d9cfc5-2cba-4bc8-b149-a23d1823eed8,BACKTESTER-001,RegimeLongStrategy-001,SOLUSDT.BITGET,BITGET-001,O-20250611-030000-001-001-230,O-20250611-100000-001-001-233,BUY,FLAT,0.0,4.5,1749610800000000000,2025-06-11 03:00:00+00:00,1749636000000000000,2025-06-11 10:00:00+00:00,25200000000000,166.64,164.46,['0.89397000 USDT'],-0.01308,-10.70397000 USDT,True
ETHUSDT.BITGET-RegimeLongStrategy-001-285a4787-31f7-4333-8984-87c1baf06a57,BACKTESTER-001,RegimeLongStrategy-001,ETHUSDT.BITGET,BITGET-001,O-20250624-160000-001-001-234,O-20250624-160000-001-001-235,BUY,FLAT,0.00,0.31,1750780800000000000,2025-06-24 16:00:00+00:00,1750791600000000000,2025-06-24 19:00:00+00:00,10800000000000,2477.92,2430.22,['0.91291404 USDT'],-0.01925,-15.69991404 USDT,True
BTCUSDT.BITGET-RegimeLongStrategy-001-c97cf615-f0fa-4e7c-b6de-9992ddb5d77d,BACKTESTER-001,RegimeLongStrategy-001,BTCUSDT.BITGET,BITGET-001,O-20250625-000000-001-001-237,O-20250625-070000-001-001-240,BUY,FLAT,0.0000,0.0165,1750809600000000000,2025-06-25 00:00:00+00:00,1750834800000000000,2025-06-25 07:00:00+00:00,25200000000000,106337.7,106550.3,['2.10759120 USDT'],0.002,1.40030880 USDT,True
ETHUSDT.BITGET-RegimeLongStrategy-001-834999b2-ad23-4c14-8c28-f56554e71abd,BACKTESTER-001,RegimeLongStrategy-001,ETHUSDT.BITGET,BITGET-001,O-20250702-190000-001-001-241,O-20250702-190000-001-001-242,BUY,FLAT,0.00,0.40,1751482800000000000,2025-07-02 19:00:00+00:00,1751500800000000000,2025-07-03 00:00:00+00:00,18000000000000,2604.0,2567.01,['1.24104240 USDT'],-0.01421,-16.03704240 USDT,True
ETHUSDT.BITGET-RegimeLongStrategy-001-cf61f33d-97da-4184-b29f-653634160e2b,BACKTESTER-001,RegimeLongStrategy-001,ETHUSDT.BITGET,BITGET-001,O-20250703-130000-001-001-244,O-20250703-130000-001-001-245,BUY,FLAT,0.00,0.38,1751547600000000000,2025-07-03 13:00:00+00:00,1751551200000000000,2025-07-03 14:00:00+00:00,3600000000000,2623.82,2584.97,['1.18760412 USDT'],-0.01481,-15.95060412 USDT,True
BTCUSDT.BITGET-RegimeLongStrategy-001-90554c5e-532f-40f1-bb41-b33c5f89abb8,BACKTESTER-001,RegimeLongStrategy-001,BTCUSDT.BITGET,BITGET-001,O-20250710-160000-001-001-247,O-20250710-160000-001-001-249,BUY,FLAT,0.0000,0.0202,1752163200000000000,2025-07-10 16:00:00+00:00,1752181200000000000,2025-07-10 21:00:00+00:00,18000000000000,112580.0,114064.0,['1.82528816 USDT'],0.01318,28.15151184 USDT,True
BTCUSDT.BITGET-RegimeLongStrategy-001-b480a0f9-c21a-4e32-b0d3-464a94abd3f4,BACKTESTER-001,RegimeLongStrategy-001,BTCUSDT.BITGET,BITGET-001,O-20250710-210000-001-001-250,O-20250710-210000-001-001-251,BUY,FLAT,0.0000,0.0124,1752181200000000000,2025-07-10 21:00:00+00:00,1752192000000000000,2025-07-11 00:00:00+00:00,10800000000000,116465.3,115257.6,['1.72401837 USDT'],-0.01037,-16.69949837 USDT,True
BTCUSDT.BITGET-RegimeLongStrategy-001-4e3be965-12ec-4a95-8aa6-802581bf7238,BACKTESTER-001,RegimeLongStrategy-001,BTCUSDT.BITGET,BITGET-001,O-20250711-050000-001-001-253,O-20250711-120000-001-001-256,BUY,FLAT,0.0000,0.0123,1752210000000000000,2025-07-11 05:00:00+00:00,1752235200000000000,2025-07-11 12:00:00+00:00,25200000000000,117817.40000000001,117837.1,['1.73913021 USDT'],0.00017,-1.49682021 USDT,True
BTCUSDT.BITGET-RegimeLongStrategy-001-dbff4c19-50b7-4252-9410-1c99e313d2dd,BACKTESTER-001,RegimeLongStrategy-001,BTCUSDT.BITGET,BITGET-001,O-20250714-020000-001-001-257,O-20250714-020000-001-001-259,BUY,FLAT,0.0000,0.0189,1752458400000000000,2025-07-14 02:00:00+00:00,1752462000000000000,2025-07-14 03:00:00+00:00,3600000000000,119628.40000000001,121213.40000000001,['1.81477271 USDT'],0.01325,28.14172729 USDT,True
BTCUSDT.BITGET-RegimeLongStrategy-001-654be0e9-b20e-4018-9cf5-aea6600fa77a,BACKTESTER-001,RegimeLongStrategy-001,BTCUSDT.BITGET,BITGET-001,O-20250714-050000-001-001-260,O-20250714-120000-001-001-263,BUY,FLAT,0.0000,0.0138,1752469200000000000,2025-07-14 05:00:00+00:00,1752494400000000000,2025-07-14 12:00:00+00:00,25200000000000,122444.7,121901.49999999999,['2.02318654 USDT'],-0.00444,-9.51934654 USDT,True
ETHUSDT.BITGET-RegimeLongStrategy-001-6261b80a-abf9-4501-a708-fedb9d91663c,BACKTESTER-001,RegimeLongStrategy-001,ETHUSDT.BITGET,BITGET-001,O-20250716-130000-001-001-264,O-20250716-130000-001-001-266,BUY,FLAT,0.00,0.31,1752670800000000000,2025-07-16 13:00:00+00:00,1752681600000000000,2025-07-16 16:00:00+00:00,10800000000000,3194.1,3288.18,['0.79796976 USDT'],0.02945,28.36683024 USDT,True
ETHUSDT.BITGET-RegimeLongStrategy-001-c17a0e7e-c78b-4879-8153-c18b032f7ac8,BACKTESTER-001,RegimeLongStrategy-001,ETHUSDT.BITGET,BITGET-001,O-20250716-160000-001-001-267,O-20250716-160000-001-001-269,BUY,FLAT,0.00,0.26,1752681600000000000,2025-07-16 16:00:00+00:00,1752696000000000000,2025-07-16 20:00:00+00:00,14400000000000,3284.3,3399.46,['0.68912272 USDT'],0.03506,29.25247728 USDT,True
ETHUSDT.BITGET-RegimeLongStrategy-001-753f43ca-4143-40fd-a674-e109b6c6c1a4,BACKTESTER-001,RegimeLongStrategy-001,ETHUSDT.BITGET,BITGET-001,O-20250718-050000-001-001-270,O-20250718-050000-001-001-271,BUY,FLAT,0.00,0.19,1752814800000000000,2025-07-18 05:00:00+00:00,1752825600000000000,2025-07-18 08:00:00+00:00,10800000000000,3670.41,3593.94,['0.82813590 USDT'],-0.02083,-15.35743590 USDT,True
ETHUSDT.BITGET-RegimeLongStrategy-001-9e44637b-f836-4c95-920e-6a160cb4577a,BACKTESTER-001,RegimeLongStrategy-001,ETHUSDT.BITGET,BITGET-001,O-20250720-110000-001-001-273,O-20250720-180000-001-001-276,BUY,FLAT,0.00,0.27,1753009200000000000,2025-07-20 11:00:00+00:00,1753034400000000000,2025-07-20 18:00:00+00:00,25200000000000,3755.37,3748.98,['1.21570470 USDT'],-0.0017,-2.94100470 USDT,True
SOLUSDT.BITGET-RegimeLongStrategy-001-f80eb410-99f3-4453-9fde-29e357e19929,BACKTESTER-001,RegimeLongStrategy-001,SOLUSDT.BITGET,BITGET-001,O-20250722-010000-001-001-277,O-20250722-010000-001-001-278,BUY,FLAT,0.0,3.2,1753146000000000000,2025-07-22 01:00:00+00:00,1753156800000000000,2025-07-22 04:00:00+00:00,10800000000000,202.135,197.465,['0.76723200 USDT'],-0.0231,-15.71123200 USDT,True
ETHUSDT.BITGET-RegimeLongStrategy-001-4e9d2c0f-dfae-4c2e-9c40-18e4245b8eca,BACKTESTER-001,RegimeLongStrategy-001,ETHUSDT.BITGET,BITGET-001,O-20250808-030000-001-001-280,O-20250808-100000-001-001-283,BUY,FLAT,0.00,0.25,1754622000000000000,2025-08-08 03:00:00+00:00,1754647200000000000,2025-08-08 10:00:00+00:00,25200000000000,3938.21,3895.76,['1.17509550 USDT'],-0.01078,-11.78759550 USDT,True
ETHUSDT.BITGET-RegimeLongStrategy-001-5d0a2865-00bd-423f-bb29-4b208ae22071,BACKTESTER-001,RegimeLongStrategy-001,ETHUSDT.BITGET,BITGET-001,O-20250808-170000-001-001-284,O-20250809-000000-001-001-287,BUY,FLAT,0.00,0.22,1754672400000000000,2025-08-08 17:00:00+00:00,1754697600000000000,2025-08-09 00:00:00+00:00,25200000000000,4032.07,4016.48,['1.06240860 USDT'],-0.00387,-4.49220860 USDT,True
SOLUSDT.BITGET-RegimeLongStrategy-001-3ef3899e-aecc-4e8e-8cfb-b8eff03f5d7c,BACKTESTER-001,RegimeLongStrategy-001,SOLUSDT.BITGET,BITGET-001,O-20250812-180000-001-001-288,O-20250813-010000-001-001-291,BUY,FLAT,0.0,4.3,1755021600000000000,2025-08-12 18:00:00+00:00,1755046800000000000,2025-08-13 01:00:00+00:00,25200000000000,188.113,194.234,['0.98645526 USDT'],0.03254,25.33384474 USDT,True
SOLUSDT.BITGET-RegimeLongStrategy-001-3846c665-24aa-421f-b3ae-fa15ff31f64d,BACKTESTER-001,RegimeLongStrategy-001,SOLUSDT.BITGET,BITGET-001,O-20250813-020000-001-001-292,O-20250813-090000-001-001-295,BUY,FLAT,0.0,3.7,1755050400000000000,2025-08-13 02:00:00+00:00,1755075600000000000,2025-08-13 09:00:00+00:00,25200000000000,198.608,202.247,['0.88989810 USDT'],0.01832,12.57440190 USDT,True
BTCUSDT.BITGET-RegimeLongStrategy-001-b9e43d10-e045-4432-85ca-ee4981612821,BACKTESTER-001,RegimeLongStrategy-001,BTCUSDT.BITGET,BITGET-001,O-20250814-000000-001-001-296,O-20250814-000000-001-001-297,BUY,FLAT,0.0000,0.0126,1755129600000000000,2025-08-14 00:00:00+00:00,1755147600000000000,2025-08-14 05:00:00+00:00,18000000000000,123864.3,122678.4,['1.86386281 USDT'],-0.00957,-16.80620281 USDT,True
SOLUSDT.BITGET-RegimeLongStrategy-001-94e07543-5329-46fa-92c8-60d5de57aea8,BACKTESTER-001,RegimeLongStrategy-001,SOLUSDT.BITGET,BITGET-001,O-20250822-190000-001-001-299,O-20250823-020000-001-001-302,BUY,FLAT,0.0,3.4,1755889200000000000,2025-08-22 19:00:00+00:00,1755914400000000000,2025-08-23 02:00:00+00:00,25200000000000,198.914,197.592,['0.80887224 USDT'],-0.00665,-5.30367224 USDT,True
SOLUSDT.BITGET-RegimeLongStrategy-001-a6028cad-cfcf-4125-b136-f2f9757f9ced,BACKTESTER-001,RegimeLongStrategy-001,SOLUSDT.BITGET,BITGET-001,O-20250823-040000-001-001-303,O-20250823-110000-001-001-306,BUY,FLAT,0.0,3.4,1755921600000000000,2025-08-23 04:00:00+00:00,1755946800000000000,2025-08-23 11:00:00+00:00,25200000000000,204.672,202.114,['0.82984344 USDT'],-0.0125,-9.52704344 USDT,True
BTCUSDT.BITGET-RegimeLongStrategy-001-90f87140-08d3-4f99-b5ca-333ee6861b64,BACKTESTER-001,RegimeLongStrategy-001,BTCUSDT.BITGET,BITGET-001,O-20250905-120000-001-001-307,O-20250905-120000-001-001-308,BUY,FLAT,0.0000,0.0174,1757073600000000000,2025-09-05 12:00:00+00:00,1757080800000000000,2025-09-05 14:00:00+00:00,7200000000000,113147.8,112290.3,['2.35357376 USDT'],-0.00758,-17.27407376 USDT,True
BTCUSDT.BITGET-RegimeLongStrategy-001-fe55af2b-a938-4ad2-b1fe-4bd4f11aac98,BACKTESTER-001,RegimeLongStrategy-001,BTCUSDT.BITGET,BITGET-001,O-20250929-190000-001-001-310,O-20250930-020000-001-001-313,BUY,FLAT,0.0000,0.0211,1759172400000000000,2025-09-29 19:00:00+00:00,1759197600000000000,2025-09-30 02:00:00+00:00,25200000000000,114193.40000000001,114405.0,['2.89405574 USDT'],0.00185,1.57070426 USDT,True
BTCUSDT.BITGET-RegimeLongStrategy-001-3b4edb03-5871-436c-ad71-991df40ce8a5,BACKTESTER-001,RegimeLongStrategy-001,BTCUSDT.BITGET,BITGET-001,O-20251001-080000-001-001-314,O-20251001-150000-001-001-317,BUY,FLAT,0.0000,0.0170,1759305600000000000,2025-10-01 08:00:00+00:00,1759330800000000000,2025-10-01 15:00:00+00:00,25200000000000,116062.5,117354.59999999999,['2.38085442 USDT'],0.01113,19.58484558 USDT,True
ETHUSDT.BITGET-RegimeLongStrategy-001-17fcd11a-756d-48e3-b2b4-89ade4a133ca,BACKTESTER-001,RegimeLongStrategy-001,ETHUSDT.BITGET,BITGET-001,O-20251002-010000-001-001-318,O-20251002-080000-001-001-321,BUY,FLAT,0.00,0.25,1759366800000000000,2025-10-02 01:00:00+00:00,1759392000000000000,2025-10-02 08:00:00+00:00,25200000000000,4390.8,4386.77,['1.31663550 USDT'],-0.00092,-2.32413550 USDT,True
SOLUSDT.BITGET-RegimeLongStrategy-001-2c6b2963-fb92-411d-8828-d0f404670517,BACKTESTER-001,RegimeLongStrategy-001,SOLUSDT.BITGET,BITGET-001,O-20251002-120000-001-001-322,O-20251002-120000-001-001-323,BUY,FLAT,0.0,4.5,1759406400000000000,2025-10-02 12:00:00+00:00,1759413600000000000,2025-10-02 14:00:00+00:00,7200000000000,227.15,223.869,['1.21775130 USDT'],-0.01444,-15.98225130 USDT,True
SOLUSDT.BITGET-RegimeLongStrategy-001-e5a1b4ac-25d5-4a84-830d-b18fdf370b48,BACKTESTER-001,RegimeLongStrategy-001,SOLUSDT.BITGET,BITGET-001,O-20251002-160000-001-001-325,O-20251002-230000-001-001-328,BUY,FLAT,0.0,3.9,1759420800000000000,2025-10-02 16:00:00+00:00,1759446000000000000,2025-10-02 23:00:00+00:00,25200000000000,227.842,234.604,['1.08212364 USDT'],0.02968,25.28967636 USDT,True
BTCUSDT.BITGET-RegimeLongStrategy-001-b9737ba1-f20c-4bba-94aa-19719e2015ce,BACKTESTER-001,RegimeLongStrategy-001,BTCUSDT.BITGET,BITGET-001,O-20251005-040000-001-001-329,O-20251005-040000-001-001-330,BUY,FLAT,0.0000,0.0159,1759636800000000000,2025-10-05 04:00:00+00:00,1759654800000000000,2025-10-05 09:00:00+00:00,18000000000000,125164.8,124223.3,['2.37916247 USDT'],-0.00752,-17.34901247 USDT,True
ETHUSDT.BITGET-RegimeLongStrategy-001-a07e3965-6ec1-49eb-91a7-bfdaac1fbe1e,BACKTESTER-001,RegimeLongStrategy-001,ETHUSDT.BITGET,BITGET-001,O-20251006-170000-001-001-332,O-20251007-000000-001-001-335,BUY,FLAT,0.00,0.28,1759770000000000000,2025-10-06 17:00:00+00:00,1759795200000000000,2025-10-07 00:00:00+00:00,25200000000000,4693.6,4677.53,['1.57434984 USDT'],-0.00342,-6.07394984 USDT,True
ETHUSDT.BITGET-RegimeLongStrategy-001-773f7985-1fe1-464b-8de3-5175d6465a3b,BACKTESTER-001,RegimeLongStrategy-001,ETHUSDT.BITGET,BITGET-001,O-20251013-010000-001-001-336,O-20251013-080000-001-001-339,BUY,FLAT,0.00,0.15,1760317200000000000,2025-10-13 01:00:00+00:00,1760342400000000000,2025-10-13 08:00:00+00:00,25200000000000,4195.21,4172.55,['0.75309840 USDT'],-0.0054,-4.15209840 USDT,True
ETHUSDT.BITGET-RegimeLongStrategy-001-e1c33acd-fc32-410d-a444-9cec3a5e8ca6,BACKTESTER-001,RegimeLongStrategy-001,ETHUSDT.BITGET,BITGET-001,O-20251020-040000-001-001-340,O-20251020-110000-001-001-343,BUY,FLAT,0.00,0.23,1760932800000000000,2025-10-20 04:00:00+00:00,1760958000000000000,2025-10-20 11:00:00+00:00,25200000000000,4052.45,4033.41,['1.11584868 USDT'],-0.0047,-5.49504868 USDT,True
BTCUSDT.BITGET-RegimeLongStrategy-001-b14e8f2e-d01f-4f20-a724-e6c99ce83b48,BACKTESTER-001,RegimeLongStrategy-001,BTCUSDT.BITGET,BITGET-001,O-20251110-000000-001-001-344,O-20251110-070000-001-001-347,BUY,FLAT,0.0000,0.0129,1762732800000000000,2025-11-10 00:00:00+00:00,1762758000000000000,2025-11-10 07:00:00+00:00,25200000000000,106233.1,106399.90000000001,['1.64577942 USDT'],0.00157,0.50594058 USDT,True
BTCUSDT.BITGET-RegimeLongStrategy-001-0942f9ec-01ae-4b42-8fd3-b6a2ba3f3f32,BACKTESTER-001,RegimeLongStrategy-001,BTCUSDT.BITGET,BITGET-001,O-20251203-020000-001-001-348,O-20251203-090000-001-001-351,BUY,FLAT,0.0000,0.0118,1764727200000000000,2025-12-03 02:00:00+00:00,1764752400000000000,2025-12-03 09:00:00+00:00,25200000000000,92789.6,93137.1,['1.31636104 USDT'],0.00375,2.78413896 USDT,True
BTCUSDT.BITGET-RegimeLongStrategy-001-eda3949f-cc06-49ed-9901-de4dca14aa0d,BACKTESTER-001,RegimeLongStrategy-001,BTCUSDT.BITGET,BITGET-001,O-20260102-160000-001-001-352,O-20260102-230000-001-001-355,BUY,FLAT,0.0000,0.0181,1767369600000000000,2026-01-02 16:00:00+00:00,1767394800000000000,2026-01-02 23:00:00+00:00,25200000000000,90330.0,89949.40000000001,['1.95783428 USDT'],-0.00421,-8.84669428 USDT,True
BTCUSDT.BITGET-RegimeLongStrategy-001-b006c74e-43cd-4565-aa8b-8f40d091e730,BACKTESTER-001,RegimeLongStrategy-001,BTCUSDT.BITGET,BITGET-001,O-20260105-170000-001-001-356,O-20260106-000000-001-001-359,BUY,FLAT,0.0000,0.0182,1767632400000000000,2026-01-05 17:00:00+00:00,1767657600000000000,2026-01-06 00:00:00+00:00,25200000000000,94255.2,93764.0,['2.05316966 USDT'],-0.00521,-10.99300966 USDT,True
SOLUSDT.BITGET-RegimeLongStrategy-001-064833b3-3e1b-4616-9fc0-570264b6f136,BACKTESTER-001,RegimeLongStrategy-001,SOLUSDT.BITGET,BITGET-001,O-20260112-020000-001-001-360,O-20260112-020000-001-001-361,BUY,FLAT,0.0,8.0,1768183200000000000,2026-01-12 02:00:00+00:00,1768204800000000000,2026-01-12 08:00:00+00:00,21600000000000,142.319,140.446,['1.35727200 USDT'],-0.01316,-16.34127200 USDT,True
ETHUSDT.BITGET-RegimeLongStrategy-001-c24e4753-f5dc-4b75-bd86-8afe3d9b7472,BACKTESTER-001,RegimeLongStrategy-001,ETHUSDT.BITGET,BITGET-001,O-20260113-180000-001-001-363,O-20260113-180000-001-001-365,BUY,FLAT,0.00,0.42,1768327200000000000,2026-01-13 18:00:00+00:00,1768341600000000000,2026-01-13 22:00:00+00:00,14400000000000,3199.39,3269.29,['1.08086664 USDT'],0.02185,28.27713336 USDT,True
BTCUSDT.BITGET-RegimeLongStrategy-001-47917d82-46e2-46f8-8550-b800e6220b9b,BACKTESTER-001,RegimeLongStrategy-001,BTCUSDT.BITGET,BITGET-001,O-20260114-160000-001-001-366,O-20260114-160000-001-001-367,BUY,FLAT,0.0000,0.0150,1768406400000000000,2026-01-14 16:00:00+00:00,1768413600000000000,2026-01-14 18:00:00+00:00,7200000000000,97223.2,96223.4,['1.74101940 USDT'],-0.01028,-16.73801940 USDT,True
SOLUSDT.BITGET-RegimeLongStrategy-001-f476af1d-2cc3-44be-95c0-d363db05eb86,BACKTESTER-001,RegimeLongStrategy-001,SOLUSDT.BITGET,BITGET-001,O-20260225-190000-001-001-369,O-20260225-190000-001-001-370,BUY,FLAT,0.0,8.5,1772046000000000000,2026-02-25 19:00:00+00:00,1772060400000000000,2026-02-25 23:00:00+00:00,14400000000000,89.381,87.634,['0.90277650 USDT'],-0.01955,-15.75227650 USDT,True
ETHUSDT.BITGET-RegimeLongStrategy-001-2ff69296-6193-4200-97b9-16c75c5aea62,BACKTESTER-001,RegimeLongStrategy-001,ETHUSDT.BITGET,BITGET-001,O-20260304-190000-001-001-372,O-20260304-190000-001-001-373,BUY,FLAT,0.00,0.30,1772650800000000000,2026-03-04 19:00:00+00:00,1772661600000000000,2026-03-04 22:00:00+00:00,10800000000000,2176.2,2126.75,['0.77453100 USDT'],-0.02272,-15.60953100 USDT,True
BTCUSDT.BITGET-RegimeLongStrategy-001-d19ec448-a2ca-4ef1-9c85-40ce4f43f064,BACKTESTER-001,RegimeLongStrategy-001,BTCUSDT.BITGET,BITGET-001,O-20260310-020000-001-001-375,O-20260310-090000-001-001-378,BUY,FLAT,0.0000,0.0141,1773108000000000000,2026-03-10 02:00:00+00:00,1773133200000000000,2026-03-10 09:00:00+00:00,25200000000000,70223.5,71010.09999999999,['1.19483626 USDT'],0.0112,9.89622374 USDT,True
ETHUSDT.BITGET-RegimeLongStrategy-001-2dc03d5f-cc3e-4bab-bc1c-6f24e3c1ee09,BACKTESTER-001,RegimeLongStrategy-001,ETHUSDT.BITGET,BITGET-001,O-20260313-000000-001-001-379,O-20260313-070000-001-001-382,BUY,FLAT,0.00,0.38,1773360000000000000,2026-03-13 00:00:00+00:00,1773385200000000000,2026-03-13 07:00:00+00:00,25200000000000,2118.16,2098.75,['0.96145548 USDT'],-0.00916,-8.33725548 USDT,True
ETHUSDT.BITGET-RegimeLongStrategy-001-15d22137-47fe-4f63-a170-9432ad3d38d5,BACKTESTER-001,RegimeLongStrategy-001,ETHUSDT.BITGET,BITGET-001,O-20260313-130000-001-001-383,O-20260313-130000-001-001-384,BUY,FLAT,0.00,0.39,1773406800000000000,2026-03-13 13:00:00+00:00,1773410400000000000,2026-03-13 14:00:00+00:00,3600000000000,2184.35,2146.69,['1.01346336 USDT'],-0.01724,-15.70086336 USDT,True
ETHUSDT.BITGET-RegimeLongStrategy-001-60f92880-0b09-48bb-843c-402ad447caac,BACKTESTER-001,RegimeLongStrategy-001,ETHUSDT.BITGET,BITGET-001,O-20260316-030000-001-001-386,O-20260316-100000-001-001-389,BUY,FLAT,0.00,0.40,1773630000000000000,2026-03-16 03:00:00+00:00,1773655200000000000,2026-03-16 10:00:00+00:00,25200000000000,2234.6,2276.77,['1.08272880 USDT'],0.01887,15.78527120 USDT,True
ETHUSDT.BITGET-RegimeLongStrategy-001-57d789eb-96cf-4e84-a48b-da4795688a9e,BACKTESTER-001,RegimeLongStrategy-001,ETHUSDT.BITGET,BITGET-001,O-20260316-170000-001-001-390,O-20260317-000000-001-001-393,BUY,FLAT,0.00,0.35,1773680400000000000,2026-03-16 17:00:00+00:00,1773705600000000000,2026-03-17 00:00:00+00:00,25200000000000,2313.34,2356.24,['0.98061180 USDT'],0.01854,14.03438820 USDT,True
SOLUSDT.BITGET-RegimeLongStrategy-001-28700208-4c4d-4b89-9a36-6f7d6d19e237,BACKTESTER-001,RegimeLongStrategy-001,SOLUSDT.BITGET,BITGET-001,O-20260506-110000-001-001-394,O-20260506-110000-001-001-395,BUY,FLAT,0.0,15.2,1778065200000000000,2026-05-06 11:00:00+00:00,1778072400000000000,2026-05-06 13:00:00+00:00,7200000000000,89.832,88.846,['1.62954336 USDT'],-0.01098,-16.61674336 USDT,True
SOLUSDT.BITGET-RegimeLongStrategy-001-c59e23a1-90ee-45e4-a84a-ee31b1238ff2,BACKTESTER-001,RegimeLongStrategy-001,SOLUSDT.BITGET,BITGET-001,O-20260509-010000-001-001-397,O-20260509-080000-001-001-400,BUY,FLAT,0.0,12.7,1778288400000000000,2026-05-09 01:00:00+00:00,1778313600000000000,2026-05-09 08:00:00+00:00,25200000000000,93.444,93.651,['1.42566390 USDT'],0.00222,1.20323610 USDT,True
ETHUSDT.BITGET-RegimeLongStrategy-001-1b11876f-4288-45e8-ab28-20c788ce532d,BACKTESTER-001,RegimeLongStrategy-001,ETHUSDT.BITGET,BITGET-001,O-20260523-200000-001-001-401,O-20260523-200000-001-001-402,BUY,FLAT,0.00,0.57,1779566400000000000,2026-05-23 20:00:00+00:00,1779570000000000000,2026-05-23 21:00:00+00:00,3600000000000,2145.04,2119.11,['1.45833930 USDT'],-0.01209,-16.23843930 USDT,True
SOLUSDT.BITGET-RegimeLongStrategy-001-7cf86a54-ed88-4d2a-a62b-dc358cc8c8be,BACKTESTER-001,RegimeLongStrategy-001,SOLUSDT.BITGET,BITGET-001,O-20260615-100000-001-001-404,O-20260615-100000-001-001-406,BUY,FLAT,0.0,15.8,1781517600000000000,2026-06-15 10:00:00+00:00,1781528400000000000,2026-06-15 13:00:00+00:00,10800000000000,71.84,73.736,['0.91404896 USDT'],0.02639,29.04275104 USDT,True
SOLUSDT.BITGET-RegimeLongStrategy-001-8ebe4e58-5416-4b48-af22-216aeb38036f,BACKTESTER-001,RegimeLongStrategy-001,SOLUSDT.BITGET,BITGET-001,O-20260615-130000-001-001-407,O-20260615-130000-001-001-409,BUY,FLAT,0.0,13.5,1781528400000000000,2026-06-15 13:00:00+00:00,1781539200000000000,2026-06-15 16:00:00+00:00,10800000000000,73.595,75.807,['0.80079840 USDT'],0.03006,29.06120160 USDT,True
BTCUSDT.BITGET-RegimeLongStrategy-001-f3d4d90d-5731-4fa7-a696-e738f5f62b47,BACKTESTER-001,RegimeLongStrategy-001,BTCUSDT.BITGET,BITGET-001,O-20260702-120000-001-001-410,O-20260702-190000-001-001-413,BUY,FLAT,0.0000,0.0203,1782993600000000000,2026-07-02 12:00:00+00:00,1783018800000000000,2026-07-02 19:00:00+00:00,25200000000000,61502.200000000004,61446.1,['1.49751030 USDT'],-0.00091,-2.63634030 USDT,True
SOLUSDT.BITGET-RegimeLongStrategy-001-128c77fd-73b6-464c-823a-81f7b35cde5b,BACKTESTER-001,RegimeLongStrategy-001,SOLUSDT.BITGET,BITGET-001,O-20260819-120000-001-001-414,O-20260819-120000-001-001-416,BUY,FLAT,0.0,23.4,1787140800000000000,2026-08-19 12:00:00+00:00,1787148000000000000,2026-08-19 14:00:00+00:00,7200000000000,78.363,79.641,['1.47293640 USDT'],0.01631,28.43226360 USDT,True
ETHUSDT.BITGET-RegimeLongStrategy-001-f08e8b48-a68d-43fb-9623-7fb85fd315bd,BACKTESTER-001,RegimeLongStrategy-001,ETHUSDT.BITGET,BITGET-001,O-20260819-200000-001-001-417,O-20260819-200000-001-001-419,BUY,FLAT,0.00,0.33,1787169600000000000,2026-08-19 20:00:00+00:00,1787173200000000000,2026-08-19 21:00:00+00:00,3600000000000,2217.85,2308.19,['0.59147484 USDT'],0.04073,29.22072516 USDT,True
BTCUSDT.BITGET-RegimeLongStrategy-001-2f951812-609d-4e73-a77f-3cb0f3b45064,BACKTESTER-001,RegimeLongStrategy-001,BTCUSDT.BITGET,BITGET-001,O-20260820-080000-001-001-420,O-20260820-150000-001-001-423,BUY,FLAT,0.0000,0.0150,1787212800000000000,2026-08-20 08:00:00+00:00,1787238000000000000,2026-08-20 15:00:00+00:00,25200000000000,71547.4,72430.3,['1.29579930 USDT'],0.01234,11.94770070 USDT,True
ETHUSDT.BITGET-RegimeLongStrategy-001-cd7b48ab-6474-4a26-9d1b-440b77c2d2e6,BACKTESTER-001,RegimeLongStrategy-001,ETHUSDT.BITGET,BITGET-001,O-20260820-160000-001-001-424,O-20260820-230000-001-001-427,BUY,FLAT,0.00,0.30,1787241600000000000,2026-08-20 16:00:00+00:00,1787266800000000000,2026-08-20 23:00:00+00:00,25200000000000,2343.88,2325.99,['0.84057660 USDT'],-0.00763,-6.20757660 USDT,True
BTCUSDT.BITGET-RegimeLongStrategy-001-93541f57-88c9-4718-8797-adca248094c2,BACKTESTER-001,RegimeLongStrategy-001,BTCUSDT.BITGET,BITGET-001,O-20260821-000000-001-001-428,O-20260821-000000-001-001-430,BUY,FLAT,0.0000,0.0156,1787270400000000000,2026-08-21 00:00:00+00:00,1787274000000000000,2026-08-21 01:00:00+00:00,3600000000000,73674.7,75592.3,['0.92544317 USDT'],0.02603,28.98911683 USDT,True
SOLUSDT.BITGET-RegimeLongStrategy-001-fa51fe73-8636-4595-b88d-7e2fb286ad2b,BACKTESTER-001,RegimeLongStrategy-001,SOLUSDT.BITGET,BITGET-001,O-20260821-050000-001-001-431,O-20260821-050000-001-001-433,BUY,FLAT,0.0,10.2,1787288400000000000,2026-08-21 05:00:00+00:00,1787299200000000000,2026-08-21 08:00:00+00:00,10800000000000,90.447,93.383,['0.74403696 USDT'],0.03246,29.20316304 USDT,True
SOLUSDT.BITGET-RegimeLongStrategy-001-b27b4fd0-7ce2-4948-9341-5e20b35dc5a0,BACKTESTER-001,RegimeLongStrategy-001,SOLUSDT.BITGET,BITGET-001,O-20260821-080000-001-001-434,O-20260821-080000-001-001-435,BUY,FLAT,0.0,8.4,1787299200000000000,2026-08-21 08:00:00+00:00,1787302800000000000,2026-08-21 09:00:00+00:00,3600000000000,93.292,91.512,['0.93141216 USDT'],-0.01908,-15.88341216 USDT,True
ETHUSDT.BITGET-RegimeLongStrategy-001-e96ee0a6-e804-4283-b528-96bff47f8978,BACKTESTER-001,RegimeLongStrategy-001,ETHUSDT.BITGET,BITGET-001,O-20260821-210000-001-001-437,O-20260822-040000-001-001-440,BUY,FLAT,0.00,0.27,1787346000000000000,2026-08-21 21:00:00+00:00,1787371200000000000,2026-08-22 04:00:00+00:00,25200000000000,2513.46,2513.18,['0.81431568 USDT'],-0.00011,-0.88991568 USDT,True
SOLUSDT.BITGET-RegimeLongStrategy-001-bb653696-8d78-4bb9-a09e-f4f2ed2b68db,BACKTESTER-001,RegimeLongStrategy-001,SOLUSDT.BITGET,BITGET-001,O-20260827-080000-001-001-441,O-20260827-150000-001-001-444,BUY,FLAT,0.0,6.9,1787817600000000000,2026-08-27 08:00:00+00:00,1787842800000000000,2026-08-27 15:00:00+00:00,25200000000000,104.63,107.099,['0.87655806 USDT'],0.0236,16.15954194 USDT,True
SOLUSDT.BITGET-RegimeLongStrategy-001-14c607c2-f5eb-4afa-95ea-c496c2cbc747,BACKTESTER-001,RegimeLongStrategy-001,SOLUSDT.BITGET,BITGET-001,O-20260827-160000-001-001-445,O-20260827-230000-001-001-448,BUY,FLAT,0.0,5.9,1787846400000000000,2026-08-27 16:00:00+00:00,1787871600000000000,2026-08-27 23:00:00+00:00,25200000000000,108.854,109.077,['0.77147574 USDT'],0.00205,0.54422426 USDT,True
BTCUSDT.BITGET-RegimeLongStrategy-001-879956fc-b6a7-4350-837f-4ae4dea99a26,BACKTESTER-001,RegimeLongStrategy-001,BTCUSDT.BITGET,BITGET-001,O-20260903-190000-001-001-449,O-20260903-190000-001-001-450,BUY,FLAT,0.0000,0.0173,1788462000000000000,2026-09-03 19:00:00+00:00,1788483600000000000,2026-09-04 01:00:00+00:00,21600000000000,81711.7,80844.8,['1.68733647 USDT'],-0.01061,-16.68470647 USDT,True
SOLUSDT.BITGET-RegimeLongStrategy-001-44bd4535-dc64-4e4b-aee7-cf30394c29a6,BACKTESTER-001,RegimeLongStrategy-001,SOLUSDT.BITGET,BITGET-001,O-20260911-130000-001-001-452,O-20260911-130000-001-001-453,BUY,FLAT,0.0,8.1,1789131600000000000,2026-09-11 13:00:00+00:00,1789135200000000000,2026-09-11 14:00:00+00:00,3600000000000,104.826,102.993,['1.01000034 USDT'],-0.01749,-15.85730034 USDT,True
BTCUSDT.BITGET-RegimeLongStrategy-001-4ba02496-c19b-4aeb-8b37-01b4cd5adace,BACKTESTER-001,RegimeLongStrategy-001,BTCUSDT.BITGET,BITGET-001,O-20260918-130000-001-001-455,O-20260918-200000-001-001-458,BUY,FLAT,0.0000,0.0188,1789736400000000000,2026-09-18 13:00:00+00:00,1789761600000000000,2026-09-18 20:00:00+00:00,25200000000000,80032.2,81084.3,['1.81739412 USDT'],0.01315,17.96208588 USDT,True
BTCUSDT.BITGET-RegimeLongStrategy-001-13079d1e-eef4-48e2-9957-b262b08dc73d,BACKTESTER-001,RegimeLongStrategy-001,BTCUSDT.BITGET,BITGET-001,O-20260919-000000-001-001-459,O-20260919-000000-001-001-460,BUY,FLAT,0.0000,0.0197,1789776000000000000,2026-09-19 00:00:00+00:00,1789790400000000000,2026-09-19 04:00:00+00:00,14400000000000,81648.5,80890.7,['1.92121334 USDT'],-0.00928,-16.84987334 USDT,True
ETHUSDT.BITGET-RegimeLongStrategy-001,BACKTESTER-001,RegimeLongStrategy-001,ETHUSDT.BITGET,BITGET-001,O-20260921-000000-001-001-462,O-20260921-000000-001-001-463,BUY,FLAT,0.00,0.44,1789948800000000000,2026-09-21 00:00:00+00:00,1789952400000000000,2026-09-21 01:00:00+00:00,3600000000000,2688.02,2654.17,['1.41033816 USDT'],-0.01259,-16.30433816 USDT,False
SOLUSDT.BITGET-RegimeLongStrategy-001,BACKTESTER-001,RegimeLongStrategy-001,SOLUSDT.BITGET,BITGET-001,O-20260921-080000-001-001-465,O-20260921-150000-001-001-468,BUY,FLAT,0.0,7.4,1789977600000000000,2026-09-21 08:00:00+00:00,1790002800000000000,2026-09-21 15:00:00+00:00,25200000000000,115.277,117.888,['1.03525260 USDT'],0.02265,18.28614740 USDT,False
BTCUSDT.BITGET-RegimeLongStrategy-001,BACKTESTER-001,RegimeLongStrategy-001,BTCUSDT.BITGET,BITGET-001,O-20260921-190000-001-001-469,O-20260921-190000-001-001-470,BUY,FLAT,0.0000,0.0150,1790017200000000000,2026-09-21 19:00:00+00:00,1790038800000000000,2026-09-22 01:00:00+00:00,21600000000000,86457.0,85463.1,['1.54728090 USDT'],-0.0115,-16.45578090 USDT,False
