symbol,module,dec,fill,exit,limit,fill_px,exit_px,qty,risk,reason,gross,fee,funding,net,r
SOLUSDT,break,2025-04-12T13:00:00+00:00,2025-04-12T13:00:00+00:00,2025-04-12T15:00:00+00:00,126.316,126.31700000000001,131.083,6.2,14.780800000000003,tp,29.561600000000006,0.64426184,0.0,28.904938159999947,1.955573322147647
BTCUSDT,break,2025-04-12T21:00:00+00:00,2025-04-12T21:00:00+00:00,2025-04-13T05:00:00+00:00,85475.0,85475.1,84555.8,0.016300000000000002,14.98132999999986,stop,-14.98132999999986,1.10560455,0.13932441300000004,-16.22951896300005,-1.0833162985529456
BTCUSDT,break,2025-04-22T22:00:00+00:00,2025-04-22T22:00:00+00:00,2025-04-23T06:00:00+00:00,92974.20000000001,92974.30000000002,93441.5,0.012400000000000001,14.99036000000011,time_stop,5.7957599999999285,0.9257810240000001,0.11528813200000004,4.7522108439997846,0.3170177930349738
ETHUSDT,break,2025-05-08T11:00:00+00:00,2025-05-08T11:00:00+00:00,2025-05-08T16:00:00+00:00,1960.18,1960.19,2023.67,0.47000000000000003,14.922500000000001,tp,29.845000000000002,0.7549328,0.09212893000000001,28.98853827000001,1.942606015748032
ETHUSDT,break,2025-05-08T20:00:00+00:00,2025-05-08T20:00:00+00:00,2025-05-08T22:00:00+00:00,2117.07,2117.0800000000004,2210.46,0.32,14.944000000000088,tp,29.88800000000003,0.55990144,0.0,29.321698559999888,1.962105096359724
SOLUSDT,break,2025-05-09T11:00:00+00:00,2025-05-09T11:00:00+00:00,2025-05-09T13:00:00+00:00,173.949,173.95000000000002,169.833,3.6,14.814000000000034,stop,-14.814000000000034,0.49208328,0.0,-15.313283280000066,-1.033703475091132
ETHUSDT,break,2025-05-10T22:00:00+00:00,2025-05-10T22:00:00+00:00,2025-05-11T06:00:00+00:00,2532.83,2532.84,2553.6299999999997,0.23,14.388799999999987,time_stop,4.786299999999987,0.46891158,0.05825532000000001,4.254533099999887,0.29568366368285687
ETHUSDT,break,2025-05-13T19:00:00+00:00,2025-05-13T19:00:00+00:00,2025-05-14T03:00:00+00:00,2669.02,2669.03,2637.2,0.26,14.585999999999977,time_stop,-8.270599999999986,0.55019276,0.06939478,-8.8953875400001,-0.6098579144385105
BTCUSDT,break,2025-05-22T04:00:00+00:00,2025-05-22T04:00:00+00:00,2025-05-22T12:00:00+00:00,111740.0,111740.1,110942.7,0.008700000000000001,14.943119999999926,time_stop,-6.935639999999975,0.7735486680000001,0.09721388700000003,-7.808142555000076,-0.5225242489520338
ETHUSDT,break,2025-05-23T03:00:00+00:00,2025-05-23T03:00:00+00:00,2025-05-23T07:00:00+00:00,2705.29,2705.3,2653.23,0.28,14.573999999999925,stop,-14.573999999999925,0.59723944,0.0,-15.176839440000046,-1.041364034582141
SOLUSDT,break,2025-05-23T09:00:00+00:00,2025-05-23T09:00:00+00:00,2025-05-23T12:00:00+00:00,186.14000000000001,186.14100000000002,182.697,4.3,14.800600000000031,stop,-14.800600000000031,0.63143952,0.0,-15.440639520000072,-1.0432441603718794
BTCUSDT,break,2025-05-26T01:00:00+00:00,2025-05-26T01:00:00+00:00,2025-05-26T09:00:00+00:00,109499.0,109499.1,109609.9,0.0154,14.9765,time_stop,1.7094,1.3500527039999999,0.168628614,0.18763868199982098,0.012528874035977765
BTCUSDT,break,2025-06-09T22:00:00+00:00,2025-06-09T22:00:00+00:00,2025-06-10T06:00:00+00:00,109930.8,109930.90000000001,109273.09999999999,0.0167,14.93815,time_stop,-10.981920000000096,1.4620856679999998,0.183584603,-12.630930271000292,-0.8455484963667048
SOLUSDT,break,2025-06-10T21:00:00+00:00,2025-06-10T21:00:00+00:00,2025-06-11T05:00:00+00:00,165.50300000000001,165.50400000000002,165.039,4.3,14.770500000000009,time_stop,-1.9909000000000958,0.56813406,0.07116672,-2.6388007800001367,-0.17865344978166853
SOLUSDT,break,2025-06-16T02:00:00+00:00,2025-06-16T02:00:00+00:00,2025-06-16T10:00:00+00:00,156.468,156.469,156.42499999999998,4.7,14.725099999999912,time_stop,-0.1974000000000075,0.58819936,0.07354043,-0.8685397900000523,-0.05898362591765472
BTCUSDT,break,2025-06-24T17:00:00+00:00,2025-06-24T17:00:00+00:00,2025-06-25T01:00:00+00:00,106150.1,106150.20000000001,106337.59999999999,0.0143,14.90775,time_stop,2.682679999999875,1.21596618,0.15179478600000001,1.3120590339997087,0.08801187529974065
ETHUSDT,break,2025-07-02T20:00:00+00:00,2025-07-02T20:00:00+00:00,2025-07-03T01:00:00+00:00,2604.0,2604.01,2567.0,0.4,14.795999999999914,stop,-14.795999999999914,0.8244008,0.10416040000000001,-15.732561200000086,-1.0632982698026614
ETHUSDT,break,2025-07-03T14:00:00+00:00,2025-07-03T14:00:00+00:00,2025-07-03T15:00:00+00:00,2623.82,2623.8300000000004,2584.96,0.38,14.762999999999966,stop,-14.762999999999966,0.78878196,0.0,-15.559381960000131,-1.0539444530244644
ETHUSDT,break,2025-10-13T02:00:00+00:00,2025-10-13T02:00:00+00:00,2025-10-13T10:00:00+00:00,4195.21,4195.22,4162.599999999999,0.15,14.802000000000042,time_stop,-4.890000000000055,0.5004905999999999,0.0629283,-5.45641890000012,-0.3686271382245713
ETHUSDT,break,2025-10-13T18:00:00+00:00,2025-10-13T18:00:00+00:00,2025-10-14T02:00:00+00:00,4232.81,4232.820000000001,4208.98,0.15,14.260500000000093,time_stop,-3.5730000000000928,0.5057927999999999,0.06349230000000002,-4.145285100000158,-0.2906830125171018
ETHUSDT,break,2025-10-20T05:00:00+00:00,2025-10-20T05:00:00+00:00,2025-10-20T13:00:00+00:00,4052.4500000000003,4052.4600000000005,4035.9799999999996,0.23,14.503800000000092,time_stop,-3.7858000000001133,0.7433784,0.09320658000000002,-4.626984980000214,-0.31901880748494765
BTCUSDT,break,2025-11-10T01:00:00+00:00,2025-11-10T01:00:00+00:00,2025-11-10T09:00:00+00:00,106233.1,106233.20000000001,105900.09999999999,0.0129,14.939490000000076,time_stop,-4.294410000000113,1.0937484299999998,0.13704082800000003,-5.527779258000263,-0.3700112425524723
SOLUSDT,break,2025-11-20T05:00:00+00:00,2025-11-20T05:00:00+00:00,2025-11-20T11:00:00+00:00,144.579,144.58,141.203,4.4,14.850000000000001,stop,-14.850000000000001,0.50000632,0.06361520000000001,-15.422421520000043,-1.0385469037037065
SOLUSDT,break,2025-11-24T21:00:00+00:00,2025-11-24T21:00:00+00:00,2025-11-25T05:00:00+00:00,138.885,138.886,138.482,5.1000000000000005,14.76449999999991,time_stop,-2.0501999999999327,0.5654186400000001,0.07083186,-2.696650499999982,-0.18264421416234877
BTCUSDT,break,2025-12-03T03:00:00+00:00,2025-12-03T03:00:00+00:00,2025-12-03T11:00:00+00:00,92789.6,92789.70000000001,92898.09999999999,0.0118,14.922280000000068,time_stop,1.281479999999897,0.8767022399999999,0.109491846,0.2929259139997597,0.01963010438081569
BTCUSDT,break,2026-01-02T17:00:00+00:00,2026-01-02T17:00:00+00:00,2026-01-03T01:00:00+00:00,90330.0,90330.1,90113.79999999999,0.0181,14.983179999999791,time_stop,-3.9114100000001057,1.30563083,0.16349748100000003,-5.384158311000316,-0.35934683498432185
BTCUSDT,break,2026-01-05T18:00:00+00:00,2026-01-05T18:00:00+00:00,2026-01-06T02:00:00+00:00,94255.20000000001,94255.30000000002,93731.9,0.0182,14.982240000000212,time_stop,-9.522240000000213,1.3666416399999999,0.17154464600000005,-11.064066286000422,-0.738478777939765
